"happygorilla647","2-39-82-384","0"
"happygorilla647","2-39-78-363","0"
"happygorilla647","2-39-89-25","0"
"happygorilla647","2-39-130-31","8"
"happygorilla647","2-39-127-19","3"
"happygorilla647","2-39-124-22","8"
"happygorilla647","2-39-138-29","6"
"happygorilla647","2-39-78-361","6"
"happygorilla647","2-39-128-18","6"
"ticklishostrich430","2-39-89-439","4"
"ticklishostrich430","2-39-128-562","3"
"ticklishostrich430","2-39-88-24","8"
"ticklishostrich430","2-39-138-29","10"
"ticklishostrich430","2-39-90-26","3"
"ticklishostrich430","2-39-88-438","9"
"blackduck862","2-39-79-380","0"
"blackduck862","2-39-79-382","10"
"blackduck862","2-39-91-441","6"
"blackduck862","2-39-92-436","6"
"redgorilla525","2-39-90-26","7"
"redgorilla525","2-39-78-365","5"
"redgorilla525","2-39-78-360","5"
"redgorilla525","2-39-127-561","1"
"redgorilla525","2-39-130-31","2"
"redgorilla525","2-39-79-376","10"
"redgorilla525","2-39-82-385","8"
"redgorilla525","2-39-95-444","2"
"redgorilla525","2-39-129-563","9"
"brownfish882","2-39-123-557","7"
"brownfish882","2-39-90-26","8"
"brownfish882","2-39-79-379","3"
"brownfish882","2-39-125-559","3"
"angrybird870","2-39-78-360","8"
"angrybird870","2-39-78-365","9"
"angrybird870","2-39-90-440","6"
"angrybird870","2-39-139-28","9"
"angrybird870","2-39-138-29","10"
"angrybird870","2-39-79-382","2"
"angrybird870","2-39-78-363","3"
"angrybird870","2-39-78-367","0"
"angrybird870","2-39-88-24","6"
"whitepeacock805","2-39-79-380","2"
"whitepeacock805","2-39-124-558","10"
"whitepeacock805","2-39-78-367","5"
"whitepeacock805","2-39-129-17","6"
"whitepeacock805","2-39-129-563","6"
"whitepeacock805","2-39-78-362","10"
"whitepeacock805","2-39-78-360","10"
"whitepeacock805","2-39-79-382","7"
"whitepeacock805","2-39-83-387","1"
"whitepeacock805","2-39-131-30","3"
"whitepeacock805","2-39-88-24","7"
"whitepeacock805","2-39-78-364","6"
"bluegoose469","2-39-82-385","8"
"greenostrich684","2-39-78-367","0"
"greenostrich684","2-39-79-376","1"
"greenostrich684","2-39-78-360","2"
"greenostrich684","2-39-78-362","10"
"greenostrich684","2-39-82-385","2"
"greenostrich684","2-39-90-440","7"
"greenostrich684","2-39-131-565","1"
"greenostrich684","2-39-89-25","3"
"greenostrich684","2-39-128-562","7"
"greenostrich684","2-39-79-381","0"
"greenostrich684","2-39-127-561","10"
"greenostrich684","2-39-91-441","4"
"greenostrich684","2-39-78-364","3"
"greenostrich684","2-39-128-18","9"
"greenostrich684","2-39-79-383","7"
"greenostrich684","2-39-78-365","0"
"greenostrich684","2-39-92-442","1"
"greenostrich684","2-39-126-20","0"
"greenostrich684","2-39-125-21","2"
"greenostrich684","2-39-78-366","7"
"greenostrich684","2-39-79-382","4"
"greenostrich684","2-39-79-380","9"
"greenostrich684","2-39-129-563","3"
"silverbird505","2-39-138-566","6"
"silverbird505","2-39-138-29","3"
"silverbird505","2-39-124-558","7"
"silverbird505","2-39-129-563","1"
"silverbird505","2-39-78-360","7"
"silverbird505","2-39-79-382","7"
"silverbird505","2-39-79-376","7"
"silverbird505","2-39-124-22","10"
"silverbird505","2-39-78-363","10"
"silverbird505","2-39-92-442","6"
"silverbird505","2-39-130-564","6"
"silverbird505","2-39-82-384","3"
"silverbird505","2-39-128-18","5"
"silverbird505","2-39-90-26","10"
"silverbird505","2-39-79-380","8"
"blackmeercat968","2-39-127-19","3"
"blackmeercat968","2-39-79-380","1"
"blackmeercat968","2-39-124-558","6"
"blackmeercat968","2-39-126-20","2"
"blackmeercat968","2-39-131-565","2"
"blackmeercat968","2-39-92-436","9"
"blackmeercat968","2-39-95-27","4"
"blackmeercat968","2-39-79-377","1"
"blackmeercat968","2-39-138-29","0"
"blackmeercat968","2-39-139-567","5"
"blackmeercat968","2-39-79-381","9"
"blackmeercat968","2-39-123-23","4"
"blackmeercat968","2-39-126-560","1"
"blackmeercat968","2-39-82-384","9"
"blackmeercat968","2-39-128-18","4"
"blackmeercat968","2-39-78-363","2"
"blackmeercat968","2-39-79-376","7"
"blackmeercat968","2-39-88-438","1"
"blackmeercat968","2-39-78-366","4"
"blackmeercat968","2-39-79-379","2"
"blackmeercat968","2-39-78-360","5"
"blackmeercat968","2-39-95-444","1"
"bigmeercat581","2-39-127-19","6"
"bigmeercat581","2-39-90-26","8"
"bigmeercat581","2-39-79-376","9"
"bigmeercat581","2-39-128-18","9"
"bigmeercat581","2-39-83-387","9"
"bigmeercat581","2-39-78-362","5"
"bigmeercat581","2-39-126-20","4"
"bigmeercat581","2-39-78-364","6"
"bigmeercat581","2-39-128-562","5"
"bigmeercat581","2-39-129-17","9"
"bigmeercat581","2-39-82-385","3"
"bigmeercat581","2-39-131-30","4"
"bigmeercat581","2-39-78-360","4"
"bigmeercat581","2-39-138-566","10"
"bigmeercat581","2-39-124-558","4"
"bigmeercat581","2-39-78-367","4"
"bigmeercat581","2-39-79-381","3"
"bigmeercat581","2-39-95-27","3"
"bigmeercat581","2-39-124-22","10"
"bigmeercat581","2-39-129-563","10"
"bigmeercat581","2-39-89-439","6"
"redcat807","2-39-83-386","4"
"redcat807","2-39-131-30","1"
"redcat807","2-39-88-438","6"
"redcat807","2-39-79-378","2"
"redcat807","2-39-130-564","6"
"redcat807","2-39-124-22","9"
"redcat807","2-39-88-24","10"
"redcat807","2-39-128-18","1"
"redcat807","2-39-127-561","1"
"redcat807","2-39-82-385","9"
"brownladybug694","2-39-78-366","1"
"brownladybug694","2-39-127-19","3"
"brownladybug694","2-39-83-386","1"
"brownladybug694","2-39-127-561","1"
"brownladybug694","2-39-79-383","8"
"brownladybug694","2-39-139-28","5"
"brownladybug694","2-39-89-25","7"
"brownladybug694","2-39-123-557","4"
"brownladybug694","2-39-79-377","9"
"brownladybug694","2-39-78-367","6"
"brownladybug694","2-39-124-558","9"
"brownladybug694","2-39-126-20","0"
"brownladybug694","2-39-138-29","7"
"brownladybug694","2-39-88-24","8"
"brownladybug694","2-39-95-444","8"
"brownladybug694","2-39-92-436","5"
"brownladybug694","2-39-88-438","0"
"brownladybug694","2-39-128-18","3"
"brownladybug694","2-39-89-439","4"
"brownladybug694","2-39-78-364","9"
"brownladybug694","2-39-129-17","0"
"brownladybug694","2-39-123-23","4"
"brownladybug694","2-39-79-378","6"
"brownladybug694","2-39-83-387","8"
"brownladybug694","2-39-79-381","3"
"brownladybug694","2-39-126-560","8"
"brownladybug694","2-39-131-565","3"
"goldenpeacock194","2-39-138-566","6"
"goldenpeacock194","2-39-82-384","5"
"goldenpeacock194","2-39-78-363","1"
"goldenpeacock194","2-39-90-440","2"
"goldenpeacock194","2-39-83-387","3"
"goldenpeacock194","2-39-127-19","6"
"goldenpeacock194","2-39-79-383","9"
"goldenpeacock194","2-39-130-31","8"
"goldenpeacock194","2-39-79-377","7"
"goldenpeacock194","2-39-78-361","6"
"goldenpeacock194","2-39-138-29","9"
"goldenpeacock194","2-39-127-561","5"
"goldenpeacock194","2-39-126-560","9"
"heavydog775","2-39-79-381","8"
"heavydog775","2-39-78-364","1"
"heavydog775","2-39-127-561","4"
"heavydog775","2-39-89-439","8"
"heavydog775","2-39-79-376","3"
"heavydog775","2-39-79-379","8"
"heavydog775","2-39-88-438","4"
"heavydog775","2-39-79-382","10"
"heavydog775","2-39-131-565","8"
"heavydog775","2-39-78-365","5"
"heavydog775","2-39-78-367","6"
"heavydog775","2-39-138-29","9"
"heavydog775","2-39-131-30","4"
"heavydog775","2-39-79-377","8"
"heavydog775","2-39-83-387","9"
"heavydog775","2-39-129-17","4"
"heavydog775","2-39-123-557","6"
"crazyladybug682","2-39-78-365","8"
"crazyladybug682","2-39-131-30","3"
"crazyladybug682","2-39-138-29","8"
"crazyladybug682","2-39-82-385","5"
"crazyladybug682","2-39-79-379","10"
"crazyladybug682","2-39-79-382","9"
"crazyladybug682","2-39-79-380","2"
"crazyladybug682","2-39-95-27","9"
"crazyladybug682","2-39-139-567","3"
"crazyladybug682","2-39-79-376","9"
"crazyladybug682","2-39-129-563","6"
"crazyladybug682","2-39-126-560","9"
"crazyladybug682","2-39-125-559","8"
"crazyladybug682","2-39-78-360","8"
"crazyladybug682","2-39-89-439","0"
"lazybutterfly827","2-39-95-444","4"
"lazybutterfly827","2-39-78-363","8"
"lazybutterfly827","2-39-78-367","10"
"lazybutterfly827","2-39-130-564","7"
"lazybutterfly827","2-39-123-23","1"
"lazybutterfly827","2-39-78-360","5"
"lazybutterfly827","2-39-123-557","2"
"lazybutterfly827","2-39-125-559","3"
"lazybutterfly827","2-39-125-21","8"
"lazybutterfly827","2-39-79-381","4"
"lazybutterfly827","2-39-139-567","10"
"lazybutterfly827","2-39-79-377","9"
"lazybutterfly827","2-39-78-364","3"
"lazybutterfly827","2-39-91-437","1"
"goldenswan803","2-39-95-444","0"
"goldenswan803","2-39-78-365","3"
"goldenswan803","2-39-78-360","9"
"goldenswan803","2-39-124-22","5"
"goldenswan803","2-39-127-561","6"
"goldenswan803","2-39-79-378","2"
"goldenswan803","2-39-89-25","7"
"goldenswan803","2-39-138-566","1"
"goldenswan803","2-39-82-385","0"
"goldenswan803","2-39-82-384","0"
"goldenswan803","2-39-92-436","10"
"goldenswan803","2-39-78-363","2"
"goldenswan803","2-39-79-379","2"
"goldenswan803","2-39-78-366","6"
"goldenswan803","2-39-127-19","2"
"goldenswan803","2-39-126-20","0"
"goldenswan803","2-39-88-24","2"
"goldenswan803","2-39-78-361","7"
"goldenswan803","2-39-79-380","9"
"goldenswan803","2-39-139-28","8"
"goldenswan803","2-39-88-438","7"
"goldenswan803","2-39-128-18","9"
"goldenswan803","2-39-79-381","2"
"purplezebra881","2-39-126-20","10"
"purplezebra881","2-39-78-364","9"
"purplezebra881","2-39-83-386","4"
"purplezebra881","2-39-138-29","7"
"purplezebra881","2-39-78-363","3"
"purplezebra881","2-39-125-559","4"
"purplezebra881","2-39-78-360","10"
"purplezebra881","2-39-91-437","10"
"purplezebra881","2-39-83-387","6"
"purplezebra881","2-39-90-440","9"
"purplezebra881","2-39-95-27","9"
"purplezebra881","2-39-78-362","8"
"purplezebra881","2-39-127-561","9"
"purplezebra881","2-39-123-23","2"
"bluefrog884","2-39-78-362","9"
"bluefrog884","2-39-78-360","8"
"bluefrog884","2-39-123-23","7"
"bluefrog884","2-39-79-376","6"
"bluefrog884","2-39-78-364","5"
"bluefrog884","2-39-131-30","6"
"bluefrog884","2-39-78-361","4"
"bluefrog884","2-39-138-566","3"
"bluefrog884","2-39-79-379","10"
"bluefrog884","2-39-79-383","10"
"bluefrog884","2-39-91-437","3"
"bluefrog884","2-39-88-438","5"
"bluefrog884","2-39-124-22","5"
"bluefrog884","2-39-79-382","9"
"bluefrog884","2-39-79-378","3"
"bluefrog884","2-39-79-380","7"
"bluefrog884","2-39-92-442","6"
"bluefrog884","2-39-126-20","3"
"bluefrog884","2-39-127-19","2"
"bluefrog884","2-39-78-363","9"
"bluefrog884","2-39-89-25","9"
"heavyostrich150","2-39-90-26","3"
"heavyostrich150","2-39-130-564","1"
"heavyostrich150","2-39-92-442","5"
"heavyostrich150","2-39-79-382","4"
"heavyostrich150","2-39-138-566","1"
"heavyostrich150","2-39-91-441","7"
"heavyostrich150","2-39-95-27","10"
"heavyostrich150","2-39-127-561","1"
"heavyostrich150","2-39-89-439","0"
"heavyostrich150","2-39-79-377","4"
"brownfish801","2-39-127-19","6"
"brownfish801","2-39-89-439","2"
"brownfish801","2-39-129-563","0"
"brownfish801","2-39-79-382","9"
"brownfish801","2-39-131-565","2"
"brownfish801","2-39-91-437","5"
"brownfish801","2-39-126-560","5"
"brownfish801","2-39-78-363","6"
"brownfish801","2-39-125-559","0"
"brownfish801","2-39-83-386","10"
"brownfish801","2-39-78-360","0"
"brownfish801","2-39-79-377","0"
"brownfish801","2-39-138-566","8"
"brownfish801","2-39-78-364","3"
"brownfish801","2-39-138-29","7"
"brownfish801","2-39-79-381","5"
"brownfish801","2-39-130-564","7"
"brownfish801","2-39-128-18","5"
"brownfish801","2-39-79-378","8"
"brownfish801","2-39-123-23","2"
"brownfish801","2-39-92-436","3"
"brownfish801","2-39-127-561","7"
"brownfish801","2-39-131-30","3"
"brownfish801","2-39-78-361","4"
"bigdog670","2-39-125-21","9"
"bigdog670","2-39-138-29","1"
"bigdog670","2-39-126-560","2"
"bigdog670","2-39-82-385","6"
"bigdog670","2-39-123-557","0"
"bigdog670","2-39-79-383","3"
"bigdog670","2-39-90-440","8"
"bigdog670","2-39-131-30","8"
"bigdog670","2-39-78-367","5"
"bigdog670","2-39-127-19","10"
"bigdog670","2-39-79-381","3"
"bigdog670","2-39-79-377","4"
"bigdog670","2-39-95-444","3"
"bigdog670","2-39-92-442","2"
"goldencat415","2-39-78-367","2"
"goldencat415","2-39-95-27","7"
"goldencat415","2-39-82-384","9"
"goldencat415","2-39-83-387","3"
"goldencat415","2-39-90-26","5"
"goldencat415","2-39-83-386","5"
"goldencat415","2-39-126-560","8"
"goldencat415","2-39-124-558","0"
"goldencat415","2-39-126-20","0"
"goldencat415","2-39-79-378","4"
"goldencat415","2-39-78-361","4"
"goldencat415","2-39-78-364","0"
"goldencat415","2-39-92-442","4"
"goldencat415","2-39-128-562","1"
"goldencat415","2-39-95-444","7"
"goldencat415","2-39-129-563","8"
"goldencat415","2-39-138-566","8"
"goldencat415","2-39-131-565","3"
"goldencat415","2-39-123-23","4"
"goldencat415","2-39-131-30","9"
"goldencat415","2-39-79-379","6"
"goldencat415","2-39-124-22","1"
"goldencat415","2-39-78-360","6"
"goldencat415","2-39-91-437","2"
"goldencat415","2-39-123-557","3"
"goldencat415","2-39-125-559","5"
"goldencat415","2-39-79-377","0"
"yellowbear694","2-39-82-385","1"
"yellowbear694","2-39-127-561","3"
"yellowbear694","2-39-90-26","6"
"yellowbear694","2-39-79-377","9"
"yellowbear694","2-39-83-387","1"
"yellowbear694","2-39-129-17","1"
"yellowbear694","2-39-82-384","6"
"yellowbear694","2-39-78-360","2"
"yellowbear694","2-39-127-19","0"
"yellowbear694","2-39-139-28","1"
"yellowbear694","2-39-125-21","8"
"yellowbear694","2-39-79-383","7"
"yellowbear694","2-39-138-566","4"
"yellowbear694","2-39-90-440","9"
"yellowbear694","2-39-78-364","7"
"yellowbear694","2-39-79-376","4"
"yellowbear694","2-39-79-380","10"
"yellowbear694","2-39-123-557","1"
"yellowbear694","2-39-79-382","2"
"yellowbear694","2-39-89-25","0"
"yellowbear694","2-39-126-560","5"
"yellowbear694","2-39-95-444","4"
"yellowbear694","2-39-83-386","0"
"yellowbear694","2-39-128-18","10"
"yellowbear694","2-39-78-363","9"
"greenlion798","2-39-129-17","1"
"greenlion798","2-39-79-381","4"
"greenlion798","2-39-125-559","6"
"greenlion798","2-39-128-562","4"
"greenlion798","2-39-83-387","10"
"greenlion798","2-39-79-377","6"
"greenlion798","2-39-91-437","5"
"beautifulduck691","2-39-124-558","8"
"beautifulduck691","2-39-131-565","6"
"beautifulduck691","2-39-82-384","0"
"beautifulduck691","2-39-79-382","9"
"beautifulduck691","2-39-78-363","10"
"beautifulduck691","2-39-123-557","2"
"beautifulduck691","2-39-78-360","5"
"beautifulduck691","2-39-92-442","8"
"beautifulduck691","2-39-127-561","9"
"beautifulduck691","2-39-79-381","0"
"beautifulduck691","2-39-91-441","0"
"beautifulduck691","2-39-95-444","10"
"beautifulduck691","2-39-123-23","2"
"blackleopard803","2-39-78-367","4"
"blackleopard803","2-39-91-437","0"
"blackleopard803","2-39-90-26","3"
"blackleopard803","2-39-131-30","0"
"blackleopard803","2-39-83-387","6"
"blackleopard803","2-39-82-385","0"
"blackleopard803","2-39-95-444","3"
"blackleopard803","2-39-89-439","2"
"blackleopard803","2-39-95-27","7"
"blackleopard803","2-39-79-382","6"
"blackleopard803","2-39-126-20","10"
"blackleopard803","2-39-124-558","4"
"blackleopard803","2-39-124-22","5"
"blackleopard803","2-39-131-565","3"
"blackleopard803","2-39-88-24","1"
"blackleopard803","2-39-79-381","0"
"blackleopard803","2-39-123-557","3"
"blackleopard803","2-39-78-363","0"
"blackleopard803","2-39-130-564","6"
"blackleopard803","2-39-91-441","6"
"blackleopard803","2-39-139-28","6"
"blackleopard803","2-39-126-560","10"
"blackleopard803","2-39-128-18","1"
"happybutterfly702","2-39-139-567","4"
"happybutterfly702","2-39-78-364","4"
"happybutterfly702","2-39-82-385","6"
"happybutterfly702","2-39-127-561","4"
"happybutterfly702","2-39-130-564","4"
"happybutterfly702","2-39-126-20","2"
"happybutterfly702","2-39-79-378","7"
"happybutterfly702","2-39-78-367","7"
"happybutterfly702","2-39-128-562","8"
"happybutterfly702","2-39-78-360","4"
"happybutterfly702","2-39-128-18","8"
"happybutterfly702","2-39-78-361","1"
"happybutterfly702","2-39-125-21","4"
"happybutterfly702","2-39-123-23","9"
"happybutterfly702","2-39-89-25","10"
"happybutterfly702","2-39-92-442","6"
"happybutterfly702","2-39-130-31","5"
"happybutterfly702","2-39-79-376","9"
"whitecat137","2-39-129-563","0"
"whitecat137","2-39-127-561","1"
"whitecat137","2-39-89-25","1"
"whitecat137","2-39-126-20","1"
"whitecat137","2-39-90-440","8"
"whitecat137","2-39-91-437","7"
"whitecat137","2-39-79-382","5"
"whitecat137","2-39-92-442","2"
"happyostrich968","2-39-78-360","0"
"happyostrich968","2-39-128-18","8"
"happyostrich968","2-39-78-361","6"
"happyostrich968","2-39-78-366","9"
"happyostrich968","2-39-79-383","0"
"happyostrich968","2-39-129-563","7"
"happyostrich968","2-39-79-382","8"
"happyostrich968","2-39-78-363","0"
"happyostrich968","2-39-79-377","0"
"happyostrich968","2-39-128-562","4"
"happyostrich968","2-39-79-380","7"
"happyostrich968","2-39-123-23","2"
"happyostrich968","2-39-127-19","4"
"happyostrich968","2-39-139-28","8"
"happyostrich968","2-39-138-566","10"
"happyostrich968","2-39-89-439","7"
"ticklishladybug707","2-39-89-439","5"
"ticklishladybug707","2-39-79-378","8"
"ticklishladybug707","2-39-79-383","5"
"ticklishladybug707","2-39-125-21","10"
"ticklishladybug707","2-39-129-17","0"
"ticklishladybug707","2-39-90-440","10"
"ticklishladybug707","2-39-78-362","3"
"ticklishladybug707","2-39-126-20","3"
"yellowzebra551","2-39-91-437","4"
"yellowzebra551","2-39-88-24","10"
"yellowzebra551","2-39-124-22","10"
"yellowzebra551","2-39-127-561","8"
"yellowzebra551","2-39-82-385","7"
"yellowzebra551","2-39-131-30","0"
"yellowzebra551","2-39-138-566","4"
"yellowzebra551","2-39-128-18","7"
"yellowzebra551","2-39-123-557","1"
"yellowzebra551","2-39-79-380","2"
"yellowzebra551","2-39-130-31","9"
"yellowzebra551","2-39-129-563","0"
"yellowzebra551","2-39-83-386","4"
"yellowzebra551","2-39-78-363","9"
"yellowzebra551","2-39-138-29","9"
"yellowzebra551","2-39-79-382","6"
"yellowzebra551","2-39-79-379","5"
"yellowzebra551","2-39-95-27","2"
"yellowzebra551","2-39-78-364","9"
"yellowzebra551","2-39-83-387","8"
"yellowzebra551","2-39-95-444","1"
"yellowzebra551","2-39-90-440","1"
"yellowzebra551","2-39-131-565","7"
"yellowzebra551","2-39-139-567","5"
"yellowzebra551","2-39-123-23","0"
"yellowzebra551","2-39-78-367","1"
"yellowzebra551","2-39-79-383","2"
"yellowsnake910","2-39-89-25","9"
"yellowsnake910","2-39-82-384","5"
"yellowsnake910","2-39-79-383","0"
"yellowsnake910","2-39-123-557","4"
"yellowsnake910","2-39-130-31","10"
"yellowsnake910","2-39-88-438","2"
"yellowsnake910","2-39-139-567","10"
"yellowsnake910","2-39-79-378","1"
"yellowsnake910","2-39-79-380","5"
"yellowsnake910","2-39-131-30","6"
"yellowsnake910","2-39-78-361","8"
"yellowsnake910","2-39-78-364","10"
"yellowsnake910","2-39-126-560","5"
"yellowsnake910","2-39-95-444","2"
"yellowsnake910","2-39-127-561","1"
"yellowsnake910","2-39-83-386","7"
"yellowsnake910","2-39-88-24","7"
"yellowsnake910","2-39-129-17","5"
"yellowsnake910","2-39-83-387","0"
"yellowsnake910","2-39-92-442","7"
"yellowsnake910","2-39-138-29","5"
"tinygoose707","2-39-78-367","10"
"tinygoose707","2-39-89-439","5"
"tinygoose707","2-39-79-377","8"
"tinygoose707","2-39-127-561","4"
"tinygoose707","2-39-78-366","9"
"tinygoose707","2-39-83-386","5"
"tinygoose707","2-39-82-385","9"
"tinygoose707","2-39-90-440","6"
"tinygoose707","2-39-91-437","1"
"tinygoose707","2-39-128-18","4"
"tinygoose707","2-39-78-360","1"
"tinygoose707","2-39-130-31","6"
"tinygoose707","2-39-95-444","2"
"tinygoose707","2-39-95-27","10"
"tinygoose707","2-39-79-378","3"
"tinygoose707","2-39-128-562","7"
"tinygoose707","2-39-82-384","4"
"tinygoose707","2-39-138-29","8"
"tinygoose707","2-39-79-380","9"
"tinygoose707","2-39-79-379","8"
"bluedog395","2-39-92-442","9"
"bluedog395","2-39-125-21","1"
"bluedog395","2-39-130-31","4"
"bluedog395","2-39-123-23","6"
"bluedog395","2-39-82-385","6"
"bluedog395","2-39-78-363","8"
"greenmeercat717","2-39-95-444","6"
"greenmeercat717","2-39-79-380","6"
"greenmeercat717","2-39-79-378","6"
"greenmeercat717","2-39-79-377","9"
"greenmeercat717","2-39-124-22","2"
"greenmeercat717","2-39-79-379","6"
"greenmeercat717","2-39-91-437","9"
"greenmeercat717","2-39-139-567","9"
"greenmeercat717","2-39-78-362","0"
"greenmeercat717","2-39-78-363","4"
"greenmeercat717","2-39-129-17","0"
"greenmeercat717","2-39-78-360","1"
"greenmeercat717","2-39-95-27","1"
"greenmeercat717","2-39-130-31","4"
"greenmeercat717","2-39-131-565","5"
"greenmeercat717","2-39-78-364","8"
"greenmeercat717","2-39-92-442","2"
"greenmeercat717","2-39-82-384","7"
"greenmeercat717","2-39-128-562","7"
"greenmeercat717","2-39-83-387","2"
"greenmeercat717","2-39-128-18","6"
"crazybutterfly801","2-39-139-28","9"
"crazybutterfly801","2-39-82-384","10"
"crazybutterfly801","2-39-92-442","10"
"crazybutterfly801","2-39-79-382","9"
"crazybutterfly801","2-39-83-387","9"
"crazybutterfly801","2-39-130-31","1"
"crazybutterfly801","2-39-91-437","10"
"crazybutterfly801","2-39-90-440","8"
"crazybutterfly801","2-39-78-365","7"
"crazybutterfly801","2-39-79-377","4"
"crazybutterfly801","2-39-78-366","9"
"crazybutterfly801","2-39-92-436","8"
"crazybutterfly801","2-39-89-439","1"
"crazybutterfly801","2-39-89-25","1"
"crazybutterfly801","2-39-78-361","8"
"crazybutterfly801","2-39-78-367","10"
"crazybutterfly801","2-39-78-360","7"
"crazybutterfly801","2-39-124-558","8"
"crazybutterfly801","2-39-139-567","7"
"crazybutterfly801","2-39-78-362","0"
"crazybutterfly801","2-39-126-560","3"
"crazybutterfly801","2-39-131-565","10"
"crazybutterfly801","2-39-88-438","4"
"crazybutterfly801","2-39-131-30","0"
"crazybutterfly801","2-39-123-557","3"
"crazybutterfly801","2-39-138-566","5"
"crazybutterfly801","2-39-128-562","2"
"crazybutterfly801","2-39-82-385","9"
"crazybutterfly801","2-39-138-29","4"
"beautifulbird784","2-39-88-24","5"
"beautifulbird784","2-39-79-380","0"
"beautifulbird784","2-39-92-442","10"
"beautifulbird784","2-39-89-439","2"
"beautifulbird784","2-39-123-557","7"
"beautifulbird784","2-39-82-384","1"
"beautifulbird784","2-39-125-21","9"
"beautifulbird784","2-39-79-379","7"
"beautifulbird784","2-39-90-440","2"
"beautifulbird784","2-39-126-20","6"
"beautifulbird784","2-39-88-438","2"
"beautifulbird784","2-39-131-30","0"
"beautifulbird784","2-39-92-436","6"
"beautifulbird784","2-39-79-378","9"
"beautifulbird784","2-39-127-19","0"
"beautifulbird784","2-39-124-22","6"
"beautifulbird784","2-39-125-559","7"
"organicrabbit938","2-39-95-444","3"
"organicrabbit938","2-39-125-21","9"
"organicrabbit938","2-39-82-385","5"
"organicrabbit938","2-39-128-562","2"
"organicrabbit938","2-39-90-440","1"
"organicrabbit938","2-39-95-27","1"
"organicrabbit938","2-39-78-366","2"
"organicrabbit938","2-39-124-558","0"
"organicrabbit938","2-39-126-560","4"
"organicrabbit938","2-39-88-24","6"
"purplemeercat810","2-39-92-436","8"
"purplemeercat810","2-39-78-367","8"
"purplemeercat810","2-39-125-559","5"
"purplemeercat810","2-39-125-21","10"
"purplemeercat810","2-39-131-30","2"
"purplemeercat810","2-39-83-387","5"
"purplemeercat810","2-39-79-378","9"
"purplemeercat810","2-39-131-565","5"
"purplemeercat810","2-39-78-361","3"
"purplemeercat810","2-39-124-558","8"
"purplemeercat810","2-39-78-362","7"
"purplemeercat810","2-39-79-379","4"
"purplemeercat810","2-39-91-441","2"
"purplemeercat810","2-39-130-31","8"
"purplemeercat810","2-39-78-363","4"
"purplemeercat810","2-39-139-567","5"
"purplemeercat810","2-39-127-19","3"
"purplemeercat810","2-39-129-17","7"
"purplemeercat810","2-39-138-29","4"
"purplemeercat810","2-39-79-380","6"
"purplemeercat810","2-39-78-366","8"
"purplemeercat810","2-39-91-437","2"
"purplemeercat810","2-39-79-383","5"
"purplemeercat810","2-39-88-438","6"
"purplemeercat810","2-39-83-386","2"
"purplemeercat810","2-39-82-385","3"
"purplemeercat810","2-39-92-442","2"
"yellowpeacock628","2-39-92-436","0"
"yellowpeacock628","2-39-139-28","2"
"yellowpeacock628","2-39-83-387","2"
"yellowpeacock628","2-39-78-364","6"
"yellowpeacock628","2-39-79-382","9"
"yellowpeacock628","2-39-90-440","9"
"yellowpeacock628","2-39-126-560","7"
"yellowpeacock628","2-39-78-363","4"
"yellowpeacock628","2-39-90-26","10"
"yellowpeacock628","2-39-125-21","2"
"yellowpeacock628","2-39-83-386","2"
"yellowpeacock628","2-39-78-360","6"
"blackfrog629","2-39-89-439","3"
"blackfrog629","2-39-88-24","4"
"blackfrog629","2-39-139-567","2"
"blackfrog629","2-39-78-367","0"
"blackfrog629","2-39-95-444","5"
"blackfrog629","2-39-125-559","6"
"blackfrog629","2-39-139-28","9"
"blackfrog629","2-39-79-383","5"
"blackfrog629","2-39-78-360","2"
"blackfrog629","2-39-125-21","2"
"blackfrog629","2-39-126-560","6"
"orangegorilla845","2-39-128-18","4"
"orangegorilla845","2-39-91-441","10"
"orangegorilla845","2-39-78-367","5"
"orangegorilla845","2-39-128-562","10"
"orangegorilla845","2-39-139-28","1"
"orangegorilla845","2-39-78-365","0"
"orangegorilla845","2-39-131-565","4"
"silvermeercat645","2-39-129-17","4"
"silvermeercat645","2-39-78-365","9"
"silvermeercat645","2-39-126-20","1"
"silvermeercat645","2-39-95-444","2"
"silvermeercat645","2-39-82-385","1"
"silvermeercat645","2-39-82-384","3"
"silvermeercat645","2-39-125-21","3"
"silvermeercat645","2-39-92-442","8"
"silvermeercat645","2-39-123-23","8"
"silvermeercat645","2-39-88-24","10"
"silvermeercat645","2-39-123-557","9"
"silvermeercat645","2-39-78-360","9"
"silvermeercat645","2-39-130-564","8"
"silvermeercat645","2-39-90-26","10"
"silvermeercat645","2-39-131-30","1"
"silvermeercat645","2-39-83-387","0"
"silvermeercat645","2-39-91-437","4"
"silvermeercat645","2-39-79-381","5"
"silvermeercat645","2-39-89-25","7"
"silvermeercat645","2-39-139-28","4"
"silvermeercat645","2-39-128-562","2"
"silvermeercat645","2-39-139-567","2"
"angrysnake819","2-39-89-25","2"
"angrysnake819","2-39-128-18","6"
"angrysnake819","2-39-83-387","5"
"angrysnake819","2-39-126-20","3"
"whiteleopard920","2-39-79-382","4"
"whiteleopard920","2-39-125-559","9"
"whiteleopard920","2-39-127-19","0"
"whiteleopard920","2-39-78-365","3"
"whiteleopard920","2-39-123-23","2"
"whiteleopard920","2-39-82-385","2"
"whiteleopard920","2-39-139-567","8"
"whiteleopard920","2-39-124-558","8"
"whiteleopard920","2-39-82-384","5"
"whiteleopard920","2-39-123-557","6"
"whiteleopard920","2-39-90-26","8"
"blackostrich555","2-39-131-30","2"
"blackostrich555","2-39-92-436","1"
"blackostrich555","2-39-123-557","9"
"blackostrich555","2-39-82-385","6"
"blackostrich555","2-39-139-28","5"
"blackostrich555","2-39-79-381","3"
"blackostrich555","2-39-78-365","10"
"blackostrich555","2-39-124-22","5"
"blackostrich555","2-39-95-444","5"
"blackostrich555","2-39-128-562","3"
"blackostrich555","2-39-83-386","2"
"blackostrich555","2-39-78-364","8"
"blackostrich555","2-39-139-567","10"
"blackostrich555","2-39-95-27","7"
"blackostrich555","2-39-78-367","9"
"blackostrich555","2-39-89-25","3"
"blackostrich555","2-39-88-438","7"
"blackostrich555","2-39-127-561","8"
"blackostrich555","2-39-82-384","6"
"blackostrich555","2-39-78-360","3"
"blackostrich555","2-39-79-378","1"
"blackostrich555","2-39-91-437","4"
"blackostrich555","2-39-78-363","2"
"goldengoose371","2-39-79-381","1"
"goldengoose371","2-39-79-378","8"
"goldengoose371","2-39-127-561","10"
"goldengoose371","2-39-127-19","1"
"goldengoose371","2-39-124-22","8"
"goldengoose371","2-39-82-385","7"
"goldengoose371","2-39-90-440","6"
"goldengoose371","2-39-129-563","8"
"goldengoose371","2-39-130-564","10"
"goldengoose371","2-39-79-377","8"
"goldengoose371","2-39-78-360","7"
"goldengoose371","2-39-79-379","4"
"goldengoose371","2-39-79-376","0"
"brownwolf942","2-39-83-387","6"
"brownwolf942","2-39-125-559","8"
"brownwolf942","2-39-78-363","10"
"brownwolf942","2-39-129-563","8"
"brownwolf942","2-39-89-439","4"
"brownwolf942","2-39-79-378","8"
"brownwolf942","2-39-88-24","10"
"brownwolf942","2-39-131-30","1"
"brownwolf942","2-39-79-381","10"
"brownwolf942","2-39-138-29","9"
"brownwolf942","2-39-79-379","6"
"brownwolf942","2-39-78-366","10"
"brownwolf942","2-39-129-17","4"
"brownwolf942","2-39-79-377","3"
"brownwolf942","2-39-83-386","8"
"brownwolf942","2-39-127-561","4"
"brownwolf942","2-39-139-28","6"
"brownwolf942","2-39-123-557","0"
"brownwolf942","2-39-126-20","9"
"brownwolf942","2-39-82-384","5"
"brownwolf942","2-39-130-564","9"
"orangebear786","2-39-123-557","2"
"orangebear786","2-39-130-564","2"
"orangebear786","2-39-90-26","4"
"orangebear786","2-39-79-383","5"
"orangebear786","2-39-78-366","10"
"orangebear786","2-39-88-438","3"
"orangebear786","2-39-79-380","1"
"orangebear786","2-39-91-441","9"
"orangebear786","2-39-139-567","9"
"orangebear786","2-39-92-436","10"
"orangebear786","2-39-128-18","8"
"brownleopard322","2-39-79-377","2"
"brownleopard322","2-39-131-565","9"
"brownleopard322","2-39-91-437","3"
"brownleopard322","2-39-78-360","8"
"crazygorilla965","2-39-79-382","7"
"crazygorilla965","2-39-82-385","6"
"crazygorilla965","2-39-83-386","10"
"crazygorilla965","2-39-126-560","9"
"crazygorilla965","2-39-78-361","1"
"crazygorilla965","2-39-78-367","7"
"crazygorilla965","2-39-92-442","1"
"crazygorilla965","2-39-89-439","3"
"crazygorilla965","2-39-125-559","3"
"crazygorilla965","2-39-130-31","10"
"crazygorilla965","2-39-79-376","1"
"crazygorilla965","2-39-125-21","4"
"crazygorilla965","2-39-127-19","4"
"crazygorilla965","2-39-79-381","5"
"crazygorilla965","2-39-95-444","2"
"crazygorilla965","2-39-79-378","4"
"crazygorilla965","2-39-124-22","0"
"crazygorilla965","2-39-128-18","5"
"blacktiger603","2-39-124-22","2"
"blacktiger603","2-39-95-444","9"
"blacktiger603","2-39-128-562","0"
"blacktiger603","2-39-83-386","5"
"blacktiger603","2-39-130-564","9"
"blacktiger603","2-39-78-361","1"
"blacktiger603","2-39-78-360","5"
"blacktiger603","2-39-131-30","1"
"blacktiger603","2-39-79-378","2"
"blacktiger603","2-39-128-18","6"
"blacktiger603","2-39-90-440","5"
"blacktiger603","2-39-124-558","0"
"blacktiger603","2-39-78-365","9"
"blacktiger603","2-39-130-31","6"
"blacktiger603","2-39-131-565","10"
"blacktiger603","2-39-79-379","0"
"blacktiger603","2-39-92-442","9"
"blacktiger603","2-39-89-439","2"
"blacktiger603","2-39-79-381","5"
"blacktiger603","2-39-91-437","0"
"blacktiger603","2-39-78-362","9"
"blacktiger603","2-39-125-21","10"
"blacktiger603","2-39-90-26","4"
"blacktiger603","2-39-95-27","10"
"blacktiger603","2-39-82-384","2"
"blacktiger603","2-39-91-441","6"
"blacktiger603","2-39-92-436","7"
"redgoose964","2-39-79-376","1"
"redgoose964","2-39-82-384","2"
"redgoose964","2-39-78-366","9"
"redgoose964","2-39-123-23","5"
"redgoose964","2-39-95-444","5"
"redgoose964","2-39-78-360","1"
"redgoose964","2-39-78-361","7"
"redgoose964","2-39-125-559","5"
"redgoose964","2-39-123-557","10"
"redgoose964","2-39-125-21","0"
"redgoose964","2-39-128-18","8"
"redgoose964","2-39-138-29","5"
"heavyduck945","2-39-130-564","7"
"heavyduck945","2-39-95-444","9"
"heavyduck945","2-39-125-21","7"
"heavyduck945","2-39-88-438","8"
"heavyduck945","2-39-92-442","0"
"heavyduck945","2-39-79-378","8"
"heavyduck945","2-39-131-565","0"
"heavyduck945","2-39-90-26","6"
"heavyduck945","2-39-78-360","1"
"orangeladybug888","2-39-79-379","6"
"orangeladybug888","2-39-78-360","9"
"orangeladybug888","2-39-79-376","2"
"orangeladybug888","2-39-127-19","1"
"orangeladybug888","2-39-78-361","3"
"orangeladybug888","2-39-131-565","10"
"orangeladybug888","2-39-89-439","1"
"orangeladybug888","2-39-79-383","6"
"orangeladybug888","2-39-79-378","6"
"orangeladybug888","2-39-78-366","6"
"smallsnake185","2-39-91-437","6"
"smallsnake185","2-39-127-561","4"
"smallsnake185","2-39-123-23","0"
"smallsnake185","2-39-125-21","0"
"smallsnake185","2-39-130-564","9"
"smallsnake185","2-39-91-441","2"
"smallsnake185","2-39-89-25","7"
"smallsnake185","2-39-138-29","2"
"smallsnake185","2-39-83-386","1"
"smallsnake185","2-39-124-558","4"
"smallsnake185","2-39-90-440","10"
"smallsnake185","2-39-139-28","2"
"smallsnake185","2-39-95-27","8"
"smallsnake185","2-39-95-444","8"
"smallsnake185","2-39-79-380","10"
"smallsnake185","2-39-79-379","5"
"smallsnake185","2-39-126-20","5"
"crazybird333","2-39-90-26","2"
"blackbutterfly134","2-39-91-437","2"
"blackbutterfly134","2-39-79-380","0"
"blackbutterfly134","2-39-129-563","9"
"blackbutterfly134","2-39-128-18","0"
"blackbutterfly134","2-39-124-558","6"
"yellowpanda711","2-39-130-31","1"
"yellowpanda711","2-39-78-365","8"
"yellowpanda711","2-39-127-561","6"
"yellowpanda711","2-39-79-381","7"
"yellowpanda711","2-39-138-29","3"
"yellowpanda711","2-39-78-360","8"
"yellowpanda711","2-39-83-386","0"
"yellowpanda711","2-39-89-25","2"
"yellowpanda711","2-39-139-567","10"
"yellowpanda711","2-39-78-363","0"
"yellowpanda711","2-39-131-30","1"
"yellowpanda711","2-39-138-566","0"
"yellowpanda711","2-39-124-22","2"
"yellowpanda711","2-39-78-366","5"
"yellowpanda711","2-39-95-444","3"
"yellowpanda711","2-39-128-562","0"
"bigostrich199","2-39-138-566","3"
"bigostrich199","2-39-82-385","10"
"bigostrich199","2-39-92-442","5"
"bigostrich199","2-39-90-440","0"
"bigostrich199","2-39-139-567","7"
"bigostrich199","2-39-131-30","5"
"bigostrich199","2-39-127-561","3"
"bigostrich199","2-39-91-437","3"
"bigostrich199","2-39-129-17","3"
"bigostrich199","2-39-125-559","0"
"bigostrich199","2-39-89-25","10"
"bigostrich199","2-39-124-22","6"
"bigostrich199","2-39-78-363","10"
"bigostrich199","2-39-89-439","10"
"bigostrich199","2-39-129-563","7"
"bigostrich199","2-39-138-29","5"
"bigostrich199","2-39-79-378","1"
"bigostrich199","2-39-78-366","1"
"bigostrich199","2-39-88-438","3"
"bigostrich199","2-39-130-564","3"
"bigostrich199","2-39-91-441","10"
"bigostrich199","2-39-95-27","0"
"bigostrich199","2-39-90-26","9"
"bigostrich199","2-39-126-560","7"
"bigostrich199","2-39-83-386","3"
"blacksnake926","2-39-127-561","3"
"blacksnake926","2-39-126-560","8"
"blacksnake926","2-39-78-367","0"
"blacksnake926","2-39-79-383","5"
"blacksnake926","2-39-79-382","6"
"blacksnake926","2-39-129-563","8"
"blacksnake926","2-39-78-366","4"
"blacksnake926","2-39-139-567","0"
"blacksnake926","2-39-79-381","0"
"blacksnake926","2-39-89-439","8"
"blacksnake926","2-39-78-361","10"
"blacksnake926","2-39-79-377","7"
"blacksnake926","2-39-89-25","9"
"blacksnake926","2-39-82-385","8"
"blacksnake926","2-39-83-386","7"
"blacksnake926","2-39-131-565","9"
"blacksnake926","2-39-128-562","4"
"crazyostrich470","2-39-126-560","0"
"crazyostrich470","2-39-91-437","4"
"crazyostrich470","2-39-92-442","6"
"crazyostrich470","2-39-127-561","7"
"crazyostrich470","2-39-90-440","10"
"crazyostrich470","2-39-130-31","8"
"crazyostrich470","2-39-78-364","5"
"crazyostrich470","2-39-89-25","8"
"crazyostrich470","2-39-79-380","2"
"crazyostrich470","2-39-79-382","10"
"crazyostrich470","2-39-82-384","0"
"crazyostrich470","2-39-79-378","0"
"crazyostrich470","2-39-126-20","5"
"beautifulgoose299","2-39-125-21","3"
"beautifulgoose299","2-39-129-17","6"
"beautifulgoose299","2-39-79-378","0"
"beautifulgoose299","2-39-79-383","8"
"beautifulgoose299","2-39-126-20","10"
"beautifulgoose299","2-39-88-24","6"
"beautifulgoose299","2-39-79-377","1"
"beautifulgoose299","2-39-78-363","8"
"beautifulgoose299","2-39-130-31","4"
"beautifulgoose299","2-39-123-23","2"
"beautifulgoose299","2-39-90-440","2"
"ticklishladybug278","2-39-125-559","3"
"ticklishladybug278","2-39-95-27","5"
"ticklishladybug278","2-39-127-19","0"
"ticklishladybug278","2-39-82-385","0"
"ticklishladybug278","2-39-91-437","2"
"ticklishladybug278","2-39-90-26","3"
"ticklishladybug278","2-39-124-558","2"
"ticklishladybug278","2-39-92-436","2"
"ticklishladybug278","2-39-139-28","10"
"ticklishladybug278","2-39-79-383","6"
"ticklishladybug278","2-39-88-438","9"
"ticklishladybug278","2-39-78-360","3"
"ticklishladybug278","2-39-124-22","2"
"ticklishladybug278","2-39-90-440","2"
"ticklishladybug278","2-39-129-563","8"
"ticklishladybug278","2-39-131-565","8"
"ticklishladybug278","2-39-79-378","1"
"ticklishladybug278","2-39-83-387","0"
"ticklishladybug278","2-39-82-384","0"
"ticklishladybug278","2-39-78-362","3"
"yellowrabbit198","2-39-79-383","0"
"yellowrabbit198","2-39-124-22","5"
"yellowrabbit198","2-39-127-19","1"
"yellowrabbit198","2-39-79-382","9"
"yellowrabbit198","2-39-126-20","9"
"yellowrabbit198","2-39-131-30","0"
"yellowrabbit198","2-39-79-376","1"
"yellowrabbit198","2-39-79-380","3"
"yellowrabbit198","2-39-126-560","2"
"yellowrabbit198","2-39-129-563","10"
"yellowrabbit198","2-39-88-24","6"
"yellowrabbit198","2-39-139-567","9"
"yellowrabbit198","2-39-78-362","4"
"yellowrabbit198","2-39-95-444","1"
"yellowrabbit198","2-39-125-559","5"
"yellowrabbit198","2-39-78-367","3"
"yellowrabbit198","2-39-79-379","5"
"yellowrabbit198","2-39-78-361","3"
"yellowrabbit198","2-39-128-18","0"
"yellowrabbit198","2-39-129-17","5"
"yellowrabbit198","2-39-89-439","10"
"brownpeacock869","2-39-131-565","2"
"brownpeacock869","2-39-128-562","5"
"happyswan354","2-39-79-376","0"
"happyswan354","2-39-131-30","5"
"happyswan354","2-39-92-442","7"
"happyswan354","2-39-79-379","9"
"happyswan354","2-39-129-17","1"
"happyswan354","2-39-78-363","3"
"happyswan354","2-39-125-21","1"
"happyswan354","2-39-88-24","5"
"happyswan354","2-39-95-27","9"
"happyswan354","2-39-78-364","7"
"happyswan354","2-39-78-362","3"
"happyswan354","2-39-128-562","9"
"happyswan354","2-39-89-25","7"
"happyswan354","2-39-78-365","2"
"happyswan354","2-39-82-384","2"
"happyswan354","2-39-127-19","3"
"happyswan354","2-39-90-26","5"
"happyswan354","2-39-78-361","10"
"happyswan354","2-39-130-31","4"
"happyswan354","2-39-91-437","9"
"happyswan354","2-39-91-441","2"
"brownzebra932","2-39-95-27","8"
"brownzebra932","2-39-138-566","0"
"brownzebra932","2-39-92-442","6"
"brownzebra932","2-39-79-382","10"
"brownzebra932","2-39-139-28","5"
"brownzebra932","2-39-128-562","2"
"brownzebra932","2-39-92-436","2"
"brownzebra932","2-39-90-26","2"
"brownzebra932","2-39-123-557","4"
"brownzebra932","2-39-139-567","3"
"brownzebra932","2-39-131-565","6"
"brownzebra932","2-39-91-441","5"
"brownzebra932","2-39-124-558","9"
"smallcat142","2-39-78-362","0"
"smallcat142","2-39-138-29","1"
"smallcat142","2-39-92-436","4"
"smallcat142","2-39-79-380","5"
"smallcat142","2-39-129-17","9"
"smallcat142","2-39-79-378","2"
"smallcat142","2-39-123-557","1"
"smallcat142","2-39-90-26","2"
"smallcat142","2-39-78-366","9"
"smallcat142","2-39-123-23","4"
"smallcat142","2-39-128-562","4"
"smallcat142","2-39-79-381","7"
"smallcat142","2-39-139-567","3"
"smallcat142","2-39-79-377","0"
"happykoala956","2-39-139-567","8"
"happykoala956","2-39-123-557","9"
"happykoala956","2-39-79-378","2"
"happykoala956","2-39-79-377","5"
"happykoala956","2-39-130-564","6"
"happykoala956","2-39-131-565","9"
"happykoala956","2-39-125-21","6"
"happykoala956","2-39-138-29","9"
"happykoala956","2-39-89-25","5"
"happykoala956","2-39-138-566","0"
"happykoala956","2-39-127-19","3"
"happykoala956","2-39-78-363","4"
"happykoala956","2-39-78-362","2"
"happykoala956","2-39-79-376","8"
"happykoala956","2-39-90-440","2"
"angrywolf341","2-39-79-380","9"
"angrywolf341","2-39-79-381","1"
"angrywolf341","2-39-130-564","10"
"angrywolf341","2-39-82-385","9"
"angrywolf341","2-39-124-558","6"
"angrywolf341","2-39-78-363","1"
"angrywolf341","2-39-82-384","2"
"angrywolf341","2-39-83-387","9"
"angrywolf341","2-39-126-20","4"
"angrywolf341","2-39-126-560","4"
"angrywolf341","2-39-91-441","7"
"angrywolf341","2-39-123-23","6"
"angrywolf341","2-39-78-367","1"
"angrywolf341","2-39-129-563","9"
"angrywolf341","2-39-92-442","5"
"angrywolf341","2-39-79-383","10"
"angrywolf341","2-39-88-24","7"
"angrywolf341","2-39-88-438","6"
"orangebutterfly213","2-39-78-360","2"
"orangebutterfly213","2-39-92-442","6"
"orangebutterfly213","2-39-79-383","1"
"orangebutterfly213","2-39-138-29","4"
"orangebutterfly213","2-39-127-561","9"
"orangebutterfly213","2-39-138-566","8"
"orangebutterfly213","2-39-126-20","0"
"orangebutterfly213","2-39-89-439","2"
"orangebutterfly213","2-39-129-563","0"
"orangebutterfly213","2-39-95-444","2"
"orangebutterfly213","2-39-78-367","0"
"orangebutterfly213","2-39-139-567","1"
"orangebutterfly213","2-39-90-26","5"
"orangebutterfly213","2-39-83-387","6"
"ticklishmeercat531","2-39-78-360","7"
"ticklishmeercat531","2-39-89-25","3"
"ticklishmeercat531","2-39-79-380","3"
"ticklishmeercat531","2-39-125-559","1"
"ticklishmeercat531","2-39-79-383","1"
"ticklishmeercat531","2-39-78-361","8"
"ticklishmeercat531","2-39-78-363","10"
"ticklishmeercat531","2-39-79-378","6"
"ticklishmeercat531","2-39-123-23","9"
"ticklishmeercat531","2-39-79-382","3"
"ticklishmeercat531","2-39-78-367","7"
"ticklishmeercat531","2-39-130-564","8"
"ticklishmeercat531","2-39-78-365","5"
"ticklishmeercat531","2-39-82-384","1"
"ticklishmeercat531","2-39-79-379","8"
"ticklishmeercat531","2-39-83-386","5"
"ticklishmeercat531","2-39-131-30","4"
"ticklishmeercat531","2-39-95-27","1"
"lazyleopard524","2-39-131-565","1"
"lazyleopard524","2-39-90-440","2"
"lazyleopard524","2-39-82-384","4"
"lazyleopard524","2-39-126-560","7"
"lazyleopard524","2-39-139-28","5"
"lazyleopard524","2-39-79-380","1"
"lazyleopard524","2-39-125-559","2"
"lazyleopard524","2-39-78-363","6"
"lazyleopard524","2-39-123-23","3"
"lazyleopard524","2-39-92-436","4"
"lazyleopard524","2-39-129-17","10"
"lazyleopard524","2-39-83-387","10"
"lazyleopard524","2-39-95-444","7"
"lazyleopard524","2-39-139-567","3"
"lazyleopard524","2-39-79-377","9"
"lazyleopard524","2-39-79-379","1"
"lazyleopard524","2-39-124-22","2"
"lazyleopard524","2-39-79-381","9"
"lazyleopard524","2-39-127-19","5"
"lazyleopard524","2-39-123-557","3"
"lazyleopard524","2-39-91-441","7"
"lazyleopard524","2-39-92-442","6"
"lazyleopard524","2-39-124-558","4"
"lazyleopard524","2-39-78-366","9"
"lazyleopard524","2-39-138-29","9"
"lazyleopard524","2-39-127-561","3"
"lazycat435","2-39-78-362","6"
"lazycat435","2-39-90-26","9"
"lazycat435","2-39-89-25","9"
"lazycat435","2-39-79-376","4"
"lazycat435","2-39-78-364","3"
"lazycat435","2-39-124-22","2"
"lazycat435","2-39-78-366","2"
"lazycat435","2-39-78-365","3"
"lazycat435","2-39-79-379","2"
"lazycat435","2-39-79-377","1"
"lazycat435","2-39-78-361","2"
"lazycat435","2-39-130-31","7"
"lazycat435","2-39-126-560","1"
"lazycat435","2-39-127-561","10"
"lazycat435","2-39-82-385","5"
"lazycat435","2-39-131-565","2"
"lazycat435","2-39-88-438","7"
"lazycat435","2-39-129-563","2"
"lazycat435","2-39-130-564","3"
"lazycat435","2-39-89-439","0"
"happygorilla683","2-39-79-380","10"
"brownkoala619","2-39-89-25","7"
"brownkoala619","2-39-130-31","6"
"brownkoala619","2-39-88-438","5"
"brownkoala619","2-39-92-436","9"
"brownkoala619","2-39-90-440","5"
"brownkoala619","2-39-131-30","6"
"brownkoala619","2-39-127-19","6"
"brownkoala619","2-39-79-383","9"
"brownkoala619","2-39-78-365","6"
"brownkoala619","2-39-128-562","8"
"brownkoala619","2-39-126-560","4"
"brownkoala619","2-39-82-384","6"
"brownkoala619","2-39-139-567","4"
"brownkoala619","2-39-124-558","2"
"brownkoala619","2-39-88-24","6"
"brownkoala619","2-39-126-20","10"
"brownkoala619","2-39-82-385","7"
"brownkoala619","2-39-125-21","3"
"angryelephant550","2-39-128-18","3"
"angryelephant550","2-39-95-444","10"
"whitecat936","2-39-130-564","10"
"whitecat936","2-39-130-31","2"
"whitecat936","2-39-88-438","3"
"whitecat936","2-39-78-363","6"
"whitecat936","2-39-92-442","6"
"whitecat936","2-39-91-441","9"
"whitecat936","2-39-79-381","2"
"whitecat936","2-39-89-25","2"
"whitecat936","2-39-79-378","2"
"whitecat936","2-39-139-567","2"
"whitecat936","2-39-78-365","6"
"whitecat936","2-39-127-19","10"
"whitecat936","2-39-125-21","10"
"whitecat936","2-39-78-360","5"
"whitecat936","2-39-126-560","0"
"whitecat936","2-39-79-379","3"
"brownmeercat155","2-39-82-385","1"
"brownmeercat155","2-39-127-561","1"
"brownmeercat155","2-39-79-376","1"
"brownmeercat155","2-39-83-386","10"
"brownmeercat155","2-39-78-367","7"
"brownmeercat155","2-39-78-360","7"
"brownmeercat155","2-39-90-440","2"
"brownmeercat155","2-39-83-387","2"
"brownmeercat155","2-39-126-560","2"
"brownmeercat155","2-39-92-442","4"
"brownmeercat155","2-39-130-564","6"
"brownmeercat155","2-39-79-377","1"
"happytiger464","2-39-78-365","7"
"ticklishfrog416","2-39-79-378","8"
"ticklishfrog416","2-39-124-22","5"
"ticklishfrog416","2-39-131-30","0"
"ticklishfrog416","2-39-89-439","7"
"ticklishfrog416","2-39-79-377","6"
"ticklishfrog416","2-39-139-28","8"
"ticklishfrog416","2-39-123-23","3"
"ticklishfrog416","2-39-78-361","3"
"ticklishfrog416","2-39-78-366","1"
"ticklishfrog416","2-39-88-24","4"
"ticklishfrog416","2-39-78-363","10"
"ticklishfrog416","2-39-95-444","8"
"ticklishfrog416","2-39-79-379","8"
"ticklishfrog416","2-39-130-31","9"
"ticklishfrog416","2-39-138-29","1"
"crazydog973","2-39-138-566","2"
"crazydog973","2-39-125-21","1"
"crazydog973","2-39-79-382","2"
"crazydog973","2-39-89-439","8"
"crazydog973","2-39-79-380","8"
"crazydog973","2-39-79-383","7"
"crazydog973","2-39-127-19","5"
"crazydog973","2-39-82-385","8"
"sadbear209","2-39-130-31","4"
"sadbear209","2-39-92-442","9"
"sadbear209","2-39-79-381","9"
"sadbear209","2-39-83-387","7"
"sadbear209","2-39-139-28","4"
"sadbear209","2-39-79-383","4"
"sadbear209","2-39-125-559","9"
"sadbear209","2-39-139-567","8"
"sadbear209","2-39-123-23","9"
"sadbear209","2-39-88-438","1"
"sadbear209","2-39-123-557","5"
"sadbear209","2-39-78-366","8"
"bluedog522","2-39-124-558","5"
"bluedog522","2-39-127-561","5"
"bluedog522","2-39-78-361","7"
"bluedog522","2-39-91-441","9"
"bluedog522","2-39-89-439","10"
"bluedog522","2-39-79-377","10"
"bluedog522","2-39-79-380","5"
"bluedog522","2-39-78-367","10"
"bluedog522","2-39-78-366","5"
"bluedog522","2-39-79-381","10"
"bluedog522","2-39-126-20","5"
"bluedog522","2-39-139-567","8"
"bluedog522","2-39-126-560","1"
"bluedog522","2-39-125-559","5"
"bluedog522","2-39-139-28","8"
"purplezebra525","2-39-130-564","0"
"purplezebra525","2-39-130-31","10"
"purplezebra525","2-39-78-367","3"
"purplezebra525","2-39-79-378","8"
"purplezebra525","2-39-89-439","8"
"purplezebra525","2-39-82-385","9"
"purplezebra525","2-39-126-560","0"
"purplezebra525","2-39-124-558","6"
"purplezebra525","2-39-78-362","10"
"purplezebra525","2-39-79-382","1"
"purplezebra525","2-39-95-27","4"
"purplezebra525","2-39-123-23","5"
"purplezebra525","2-39-88-24","5"
"purplezebra525","2-39-78-366","9"
"purplezebra525","2-39-83-387","4"
"purplezebra525","2-39-131-30","1"
"lazymeercat377","2-39-129-17","0"
"lazymeercat377","2-39-95-444","0"
"lazymeercat377","2-39-79-380","2"
"lazymeercat377","2-39-79-383","6"
"lazymeercat377","2-39-78-366","6"
"lazymeercat377","2-39-126-560","2"
"ticklishbear497","2-39-83-386","3"
"ticklishbear497","2-39-82-384","3"
"ticklishbear497","2-39-125-21","6"
"ticklishbear497","2-39-90-26","9"
"ticklishbear497","2-39-126-20","7"
"ticklishbear497","2-39-127-561","0"
"ticklishbear497","2-39-95-27","1"
"ticklishbear497","2-39-79-379","0"
"ticklishbear497","2-39-83-387","4"
"ticklishwolf262","2-39-123-557","0"
"ticklishwolf262","2-39-127-19","6"
"ticklishwolf262","2-39-125-559","2"
"ticklishwolf262","2-39-90-26","6"
"ticklishwolf262","2-39-82-384","2"
"ticklishwolf262","2-39-131-565","1"
"ticklishwolf262","2-39-124-558","4"
"ticklishwolf262","2-39-82-385","8"
"ticklishwolf262","2-39-78-365","1"
"ticklishwolf262","2-39-130-31","8"
"ticklishwolf262","2-39-78-362","3"
"ticklishwolf262","2-39-79-383","2"
"ticklishwolf262","2-39-88-24","9"
"ticklishwolf262","2-39-79-381","2"
"ticklishwolf262","2-39-131-30","1"
"ticklishwolf262","2-39-95-27","8"
"ticklishwolf262","2-39-128-562","3"
"ticklishwolf262","2-39-79-377","6"
"ticklishwolf262","2-39-79-378","1"
"ticklishwolf262","2-39-126-560","8"
"ticklishwolf262","2-39-83-387","9"
"ticklishwolf262","2-39-95-444","3"
"ticklishwolf262","2-39-90-440","4"
"ticklishwolf262","2-39-92-442","7"
"ticklishwolf262","2-39-139-567","3"
"beautifulmeercat959","2-39-78-361","4"
"beautifulmeercat959","2-39-79-381","2"
"beautifulmeercat959","2-39-131-30","0"
"beautifulmeercat959","2-39-125-559","10"
"beautifulmeercat959","2-39-78-364","3"
"beautifulmeercat959","2-39-78-365","8"
"beautifulmeercat959","2-39-89-25","5"
"beautifulmeercat959","2-39-88-24","1"
"beautifulmeercat959","2-39-82-384","6"
"beautifulmeercat959","2-39-79-376","3"
"beautifulmeercat959","2-39-126-20","8"
"goldendog911","2-39-91-437","10"
"goldendog911","2-39-125-21","9"
"goldendog911","2-39-128-18","9"
"goldendog911","2-39-139-567","4"
"goldendog911","2-39-131-30","8"
"goldendog911","2-39-78-362","5"
"goldendog911","2-39-91-441","5"
"goldendog911","2-39-79-378","2"
"goldendog911","2-39-124-22","2"
"goldendog911","2-39-123-557","10"
"goldendog911","2-39-138-29","8"
"goldendog911","2-39-82-384","3"
"goldendog911","2-39-78-365","6"
"goldendog911","2-39-88-438","10"
"goldendog911","2-39-78-360","1"
"goldendog911","2-39-79-377","7"
"goldendog911","2-39-79-376","10"
"goldendog911","2-39-89-25","5"
"goldendog911","2-39-123-23","3"
"goldendog911","2-39-95-27","1"
"goldendog911","2-39-78-364","2"
"goldendog911","2-39-82-385","3"
"goldendog911","2-39-78-363","0"
"goldendog911","2-39-83-387","0"
"tinykoala163","2-39-78-364","6"
"tinykoala163","2-39-124-558","4"
"tinykoala163","2-39-127-561","2"
"tinykoala163","2-39-138-29","10"
"tinykoala163","2-39-138-566","6"
"tinykoala163","2-39-79-377","1"
"tinykoala163","2-39-128-562","9"
"tinykoala163","2-39-126-560","10"
"tinykoala163","2-39-79-379","1"
"tinykoala163","2-39-79-382","0"
"tinykoala163","2-39-125-559","3"
"tinykoala163","2-39-129-563","8"
"tinykoala163","2-39-82-385","4"
"tinykoala163","2-39-90-440","7"
"tinykoala163","2-39-78-362","9"
"tinykoala163","2-39-95-27","10"
"tinykoala163","2-39-79-383","7"
"tinykoala163","2-39-130-564","6"
"goldenkoala637","2-39-123-23","5"
"goldenkoala637","2-39-79-379","7"
"goldenkoala637","2-39-78-367","10"
"goldenkoala637","2-39-125-21","8"
"goldenkoala637","2-39-126-20","8"
"goldenkoala637","2-39-124-22","4"
"goldenkoala637","2-39-129-563","6"
"goldenkoala637","2-39-78-362","8"
"goldenkoala637","2-39-127-19","5"
"goldenkoala637","2-39-92-436","9"
"goldenkoala637","2-39-127-561","3"
"goldenkoala637","2-39-78-363","2"
"goldenkoala637","2-39-95-27","4"
"goldenkoala637","2-39-78-360","10"
"goldenkoala637","2-39-138-29","9"
