"browntiger776","2-39-79-382","7"
"browntiger776","2-39-91-441","8"
"browntiger776","2-39-92-436","3"
"browntiger776","2-39-129-563","9"
"browntiger776","2-39-78-361","3"
"browntiger776","2-39-79-376","5"
"browntiger776","2-39-123-557","3"
"browntiger776","2-39-78-364","9"
"browntiger776","2-39-128-562","9"
"browntiger776","2-39-83-386","6"
"browntiger776","2-39-123-23","3"
"happydog149","2-39-79-380","6"
"happydog149","2-39-124-22","9"
"happydog149","2-39-89-25","3"
"happydog149","2-39-90-26","10"
"happydog149","2-39-91-441","4"
"happydog149","2-39-95-27","5"
"happydog149","2-39-78-366","6"
"happydog149","2-39-89-439","0"
"happydog149","2-39-78-365","8"
"happydog149","2-39-139-567","8"
"happydog149","2-39-78-361","5"
"happydog149","2-39-79-376","0"
"happydog149","2-39-125-559","9"
"happydog149","2-39-127-19","0"
"happydog149","2-39-123-557","2"
"happydog149","2-39-82-384","4"
"happydog149","2-39-79-382","1"
"happydog149","2-39-138-566","4"
"happydog149","2-39-95-444","9"
"happydog149","2-39-88-438","7"
"sadlion984","2-39-88-438","3"
"sadlion984","2-39-78-367","4"
"sadlion984","2-39-88-24","5"
"sadlion984","2-39-78-365","7"
"sadlion984","2-39-82-385","10"
"sadlion984","2-39-83-387","5"
"sadlion984","2-39-125-559","2"
"sadlion984","2-39-79-378","2"
"sadlion984","2-39-79-379","10"
"sadlion984","2-39-126-560","2"
"sadlion984","2-39-127-561","0"
"sadlion984","2-39-95-444","6"
"sadlion984","2-39-79-377","3"
"sadlion984","2-39-130-564","5"
"sadlion984","2-39-130-31","3"
"sadlion984","2-39-126-20","0"
"sadlion984","2-39-91-441","10"
"goldenfish176","2-39-127-19","9"
"goldenfish176","2-39-139-567","10"
"goldenfish176","2-39-123-557","7"
"goldenfish176","2-39-95-444","10"
"goldenfish176","2-39-129-17","0"
"goldenfish176","2-39-79-378","5"
"goldenfish176","2-39-78-366","10"
"goldenfish176","2-39-79-379","10"
"goldenfish176","2-39-126-560","6"
"goldenfish176","2-39-82-385","7"
"goldenfish176","2-39-82-384","3"
"goldenfish176","2-39-125-21","10"
"goldenfish176","2-39-78-361","2"
"goldenfish176","2-39-83-386","4"
"goldenfish176","2-39-92-442","5"
"organicfrog305","2-39-129-563","1"
"organicfrog305","2-39-79-380","5"
"organicfrog305","2-39-90-440","1"
"organicfrog305","2-39-129-17","6"
"organicfrog305","2-39-88-24","3"
"organicfrog305","2-39-91-441","10"
"organicfrog305","2-39-79-378","4"
"organicfrog305","2-39-128-18","9"
"organicfrog305","2-39-131-30","7"
"organicfrog305","2-39-130-564","3"
"organicfrog305","2-39-125-21","6"
"organicfrog305","2-39-128-562","2"
"organicfrog305","2-39-139-567","1"
"organicfrog305","2-39-89-439","3"
"organicfrog305","2-39-78-367","8"
"organicfrog305","2-39-95-444","9"
"organicfrog305","2-39-88-438","9"
"organicfrog305","2-39-92-442","4"
"organicfrog305","2-39-78-360","6"
"organicfrog305","2-39-139-28","4"
"organicfrog305","2-39-90-26","10"
"organicfrog305","2-39-126-560","5"
"organicfrog305","2-39-95-27","8"
"greengorilla150","2-39-138-29","3"
"greengorilla150","2-39-78-361","10"
"greengorilla150","2-39-83-386","5"
"greengorilla150","2-39-92-436","1"
"greengorilla150","2-39-88-438","8"
"greengorilla150","2-39-95-444","7"
"greengorilla150","2-39-124-558","6"
"redleopard515","2-39-126-20","5"
"redleopard515","2-39-78-363","8"
"redleopard515","2-39-82-385","1"
"redleopard515","2-39-79-379","4"
"redleopard515","2-39-123-557","9"
"redleopard515","2-39-79-380","4"
"redleopard515","2-39-78-360","4"
"redleopard515","2-39-88-24","1"
"redleopard515","2-39-89-439","5"
"redleopard515","2-39-78-367","6"
"redleopard515","2-39-83-387","8"
"redleopard515","2-39-129-17","8"
"redleopard515","2-39-78-362","1"
"redleopard515","2-39-90-440","1"
"redleopard515","2-39-95-444","7"
"redleopard515","2-39-139-28","7"
"redleopard515","2-39-131-30","8"
"redleopard515","2-39-79-376","0"
"redleopard515","2-39-130-31","8"
"redleopard515","2-39-78-361","5"
"redleopard515","2-39-83-386","1"
"ticklishsnake947","2-39-83-386","5"
"beautifullion990","2-39-95-27","4"
"beautifullion990","2-39-82-384","6"
"beautifullion990","2-39-78-364","6"
"beautifullion990","2-39-92-436","2"
"beautifullion990","2-39-79-383","1"
"beautifullion990","2-39-123-23","9"
"beautifullion990","2-39-90-440","6"
"beautifullion990","2-39-79-378","10"
"beautifullion990","2-39-124-558","7"
"beautifullion990","2-39-138-566","5"
"beautifullion990","2-39-131-565","3"
"beautifullion990","2-39-95-444","10"
"beautifullion990","2-39-125-559","8"
"beautifullion990","2-39-139-567","4"
"beautifullion990","2-39-79-380","5"
"beautifullion990","2-39-79-381","7"
"beautifullion990","2-39-82-385","5"
"beautifullion990","2-39-91-437","9"
"beautifullion990","2-39-83-386","1"
"beautifullion990","2-39-123-557","9"
"beautifullion990","2-39-90-26","0"
"beautifullion990","2-39-78-367","3"
"beautifullion990","2-39-78-365","9"
"beautifullion990","2-39-91-441","7"
"beautifullion990","2-39-79-377","5"
"beautifullion990","2-39-126-20","7"
"purpleduck146","2-39-130-31","2"
"purpleduck146","2-39-79-377","9"
"purpleduck146","2-39-138-566","8"
"purpleduck146","2-39-139-567","1"
"purpleduck146","2-39-78-364","5"
"purpleduck146","2-39-126-20","1"
"purpleduck146","2-39-78-363","2"
"purpleduck146","2-39-124-558","2"
"purpleduck146","2-39-79-378","0"
"purpleduck146","2-39-83-387","6"
"purpleduck146","2-39-79-379","3"
"purpleduck146","2-39-88-24","2"
"purpleduck146","2-39-90-26","8"
"purpleduck146","2-39-126-560","10"
"purpleduck146","2-39-125-559","4"
"purpleduck146","2-39-79-381","4"
"purpleduck146","2-39-127-561","8"
"purpleduck146","2-39-78-360","2"
"purpleduck146","2-39-83-386","4"
"browntiger201","2-39-123-23","5"
"browntiger201","2-39-91-437","10"
"browntiger201","2-39-129-17","3"
"browntiger201","2-39-130-31","3"
"browntiger201","2-39-127-19","6"
"browntiger201","2-39-92-442","8"
"browntiger201","2-39-95-27","6"
"browntiger201","2-39-78-360","6"
"browntiger201","2-39-78-367","2"
"browntiger201","2-39-138-29","5"
"browntiger201","2-39-78-363","10"
"browntiger201","2-39-125-21","3"
"browntiger201","2-39-82-384","5"
"browntiger201","2-39-78-366","2"
"browntiger201","2-39-126-560","4"
"browntiger201","2-39-89-439","6"
"browntiger201","2-39-125-559","5"
"browntiger201","2-39-79-380","7"
"browntiger201","2-39-124-22","9"
"whitedog915","2-39-82-385","8"
"whitedog915","2-39-131-565","7"
"whitedog915","2-39-92-442","9"
"whitedog915","2-39-129-563","4"
"whitedog915","2-39-83-386","4"
"whitedog915","2-39-78-364","7"
"whitedog915","2-39-78-366","1"
"whitedog915","2-39-138-566","4"
"whitedog915","2-39-90-26","2"
"whitedog915","2-39-78-363","0"
"whitedog915","2-39-95-444","10"
"whitedog915","2-39-79-378","2"
"whitedog915","2-39-127-19","2"
"whitedog915","2-39-124-558","2"
"whitedog915","2-39-78-367","6"
"whitedog915","2-39-79-379","4"
"whitedog915","2-39-79-376","5"
"whitedog915","2-39-128-18","7"
"whitedog915","2-39-79-377","0"
"whitedog915","2-39-78-361","7"
"whitedog915","2-39-126-20","4"
"whitedog915","2-39-123-557","10"
"whitedog915","2-39-88-24","3"
"whitedog915","2-39-89-25","3"
"whitedog915","2-39-83-387","3"
"whitedog915","2-39-139-567","0"
"bigpeacock953","2-39-139-28","4"
"bigpeacock953","2-39-125-21","1"
"bigpeacock953","2-39-124-558","7"
"bigpeacock953","2-39-124-22","7"
"bigpeacock953","2-39-79-383","9"
"bigpeacock953","2-39-128-562","6"
"bigpeacock953","2-39-127-19","3"
"bigpeacock953","2-39-78-365","6"
"bigpeacock953","2-39-139-567","7"
"bigpeacock953","2-39-79-376","10"
"whitezebra282","2-39-130-31","10"
"whitezebra282","2-39-123-557","2"
"whitezebra282","2-39-128-18","0"
"whitezebra282","2-39-89-25","1"
"whitezebra282","2-39-123-23","2"
"whitezebra282","2-39-126-560","0"
"whitezebra282","2-39-125-559","0"
"whitezebra282","2-39-138-29","3"
"whitezebra282","2-39-82-385","9"
"whitezebra282","2-39-79-383","7"
"whitezebra282","2-39-125-21","7"
"whitezebra282","2-39-126-20","7"
"whitezebra282","2-39-78-367","3"
"whitezebra282","2-39-139-567","3"
"sadcat281","2-39-127-561","0"
"sadcat281","2-39-79-377","9"
"sadcat281","2-39-79-376","4"
"sadcat281","2-39-78-364","1"
"sadcat281","2-39-129-17","0"
"sadcat281","2-39-138-29","4"
"sadcat281","2-39-123-23","6"
"sadcat281","2-39-129-563","6"
"sadcat281","2-39-128-18","7"
"sadcat281","2-39-82-385","5"
"sadcat281","2-39-139-567","1"
"sadcat281","2-39-78-367","0"
"sadcat281","2-39-79-382","2"
"sadcat281","2-39-90-440","7"
"sadcat281","2-39-124-558","0"
"sadcat281","2-39-126-20","9"
"sadcat281","2-39-79-380","9"
"sadcat281","2-39-78-362","5"
"sadcat281","2-39-91-437","0"
"sadcat281","2-39-95-444","4"
"sadcat281","2-39-78-360","2"
"sadcat281","2-39-125-21","9"
"sadcat281","2-39-88-438","8"
"sadcat281","2-39-89-25","7"
"whitefrog634","2-39-129-563","6"
"whitefrog634","2-39-138-566","6"
"whitefrog634","2-39-123-557","2"
"whitefrog634","2-39-128-18","4"
"whitefrog634","2-39-139-28","3"
"whitefrog634","2-39-79-383","8"
"whitefrog634","2-39-79-381","2"
"whitefrog634","2-39-82-384","0"
"whitefrog634","2-39-78-366","9"
"whitefrog634","2-39-130-31","9"
"whitefrog634","2-39-78-361","9"
"whitefrog634","2-39-92-436","1"
"whitefrog634","2-39-95-27","7"
"whitefrog634","2-39-126-20","3"
"whitefrog634","2-39-78-363","10"
"whitefrog634","2-39-83-386","0"
"whitefrog634","2-39-130-564","7"
"whitefrog634","2-39-89-439","7"
"whitefrog634","2-39-127-561","5"
"whitefrog634","2-39-126-560","2"
"whitefrog634","2-39-125-559","10"
"whitefrog634","2-39-124-22","6"
"yellowswan795","2-39-131-565","8"
"yellowswan795","2-39-124-558","1"
"yellowswan795","2-39-78-363","3"
"orangecat199","2-39-79-383","7"
"orangecat199","2-39-125-21","0"
"orangecat199","2-39-139-28","6"
"orangecat199","2-39-124-558","1"
"orangecat199","2-39-78-363","7"
"orangecat199","2-39-128-18","9"
"orangecat199","2-39-83-386","4"
"orangecat199","2-39-127-19","0"
"orangecat199","2-39-123-23","3"
"orangecat199","2-39-95-444","5"
"orangecat199","2-39-78-366","6"
"orangecat199","2-39-95-27","10"
"orangecat199","2-39-89-439","5"
"orangecat199","2-39-82-384","9"
"orangecat199","2-39-130-31","2"
"orangecat199","2-39-91-437","7"
"orangecat199","2-39-88-24","4"
"orangecat199","2-39-82-385","5"
"orangecat199","2-39-125-559","1"
"orangecat199","2-39-78-365","0"
"orangecat199","2-39-128-562","6"
"orangecat199","2-39-131-565","2"
"lazycat170","2-39-131-30","0"
"lazycat170","2-39-95-444","6"
"lazycat170","2-39-78-364","7"
"lazycat170","2-39-125-559","2"
"lazycat170","2-39-139-28","9"
"lazycat170","2-39-123-557","0"
"lazycat170","2-39-89-439","5"
"lazycat170","2-39-130-564","4"
"crazyrabbit978","2-39-130-564","2"
"crazyrabbit978","2-39-89-439","3"
"crazyrabbit978","2-39-79-378","9"
"crazyrabbit978","2-39-79-376","3"
"crazyrabbit978","2-39-78-360","9"
"crazyrabbit978","2-39-79-383","3"
"crazyrabbit978","2-39-90-26","9"
"crazyrabbit978","2-39-123-557","5"
"crazyrabbit978","2-39-126-560","4"
"crazyrabbit978","2-39-127-19","2"
"crazyrabbit978","2-39-125-559","4"
"crazyrabbit978","2-39-88-24","6"
"crazyrabbit978","2-39-78-364","10"
"crazyrabbit978","2-39-83-386","4"
"crazyrabbit978","2-39-92-442","8"
"crazyrabbit978","2-39-139-28","6"
"crazyrabbit978","2-39-89-25","6"
"crazyrabbit978","2-39-78-362","3"
"crazyrabbit978","2-39-83-387","10"
"crazyrabbit978","2-39-82-385","7"
"crazyrabbit978","2-39-78-363","3"
"crazyrabbit978","2-39-91-441","7"
"crazyrabbit978","2-39-124-22","4"
"crazyrabbit978","2-39-79-377","6"
"crazyrabbit978","2-39-78-365","4"
"crazyrabbit978","2-39-125-21","1"
"crazyrabbit978","2-39-126-20","3"
"crazyrabbit978","2-39-128-562","9"
"crazyrabbit978","2-39-91-437","10"
"crazyrabbit978","2-39-139-567","0"
"crazyrabbit978","2-39-88-438","4"
"beautifulcat879","2-39-79-376","2"
"tinyduck730","2-39-130-31","1"
"tinyduck730","2-39-79-376","9"
"tinyduck730","2-39-130-564","0"
"tinyduck730","2-39-79-378","1"
"tinyduck730","2-39-92-436","0"
"tinyduck730","2-39-78-364","2"
"tinyduck730","2-39-129-563","8"
"tinyduck730","2-39-79-381","2"
"tinyduck730","2-39-124-558","8"
"tinyduck730","2-39-129-17","9"
"tinyduck730","2-39-88-24","4"
"tinyduck730","2-39-89-25","0"
"tinyduck730","2-39-139-28","6"
"tinyduck730","2-39-127-19","5"
"tinyduck730","2-39-126-560","2"
"tinyduck730","2-39-90-26","5"
"tinyduck730","2-39-139-567","6"
"tinyduck730","2-39-123-23","7"
"bigmouse370","2-39-79-380","8"
"bigmouse370","2-39-79-376","6"
"bigmouse370","2-39-131-30","3"
"bigmouse370","2-39-126-560","1"
"bigmouse370","2-39-79-381","10"
"bigmouse370","2-39-88-438","7"
"bigmouse370","2-39-78-365","4"
"bigmouse370","2-39-91-437","8"
"bigmouse370","2-39-129-563","6"
"bigmouse370","2-39-78-361","1"
"bigmouse370","2-39-129-17","6"
"bigmouse370","2-39-95-444","0"
"bigmouse370","2-39-124-558","2"
"bigmouse370","2-39-92-436","1"
"bigmouse370","2-39-123-23","0"
"bigmouse370","2-39-139-567","10"
"bigmouse370","2-39-79-377","0"
"bigmouse370","2-39-79-383","5"
"bigmouse370","2-39-83-386","5"
"bigmouse370","2-39-89-439","3"
"bigmouse370","2-39-89-25","4"
"bigmouse370","2-39-79-378","1"
"bigmouse370","2-39-128-18","2"
"bigmouse370","2-39-124-22","1"
"yellowkoala608","2-39-78-361","2"
"yellowkoala608","2-39-89-25","1"
"yellowkoala608","2-39-130-31","2"
"yellowkoala608","2-39-131-30","6"
"yellowkoala608","2-39-91-441","8"
"yellowkoala608","2-39-82-384","8"
"yellowkoala608","2-39-78-364","2"
"yellowkoala608","2-39-92-436","0"
"yellowkoala608","2-39-79-381","5"
"yellowkoala608","2-39-79-378","7"
"yellowkoala608","2-39-83-387","3"
"yellowkoala608","2-39-78-367","3"
"yellowkoala608","2-39-128-18","4"
"yellowkoala608","2-39-128-562","0"
"yellowkoala608","2-39-88-438","7"
"yellowkoala608","2-39-92-442","2"
"yellowkoala608","2-39-125-559","4"
"bigbird572","2-39-83-387","1"
"bigbird572","2-39-78-360","4"
"bigbird572","2-39-131-565","4"
"bigbird572","2-39-88-438","2"
"bigbird572","2-39-124-22","3"
"bigbird572","2-39-79-381","0"
"bigbird572","2-39-78-365","4"
"bigbird572","2-39-79-383","0"
"bigbird572","2-39-78-363","10"
"bigbird572","2-39-89-25","6"
"bigbird572","2-39-82-384","3"
"bigbird572","2-39-125-559","4"
"bigbird572","2-39-88-24","6"
"bigbird572","2-39-91-437","7"
"bigbird572","2-39-95-444","9"
"bigbird572","2-39-79-377","3"
"bigbird572","2-39-90-440","3"
"bigbird572","2-39-79-382","7"
"bigbird572","2-39-130-31","8"
"bigbird572","2-39-78-366","2"
"bigbird572","2-39-129-563","7"
"bigbird572","2-39-90-26","10"
"bigbird572","2-39-78-362","0"
"bigbird572","2-39-139-28","0"
"bigbird572","2-39-123-557","7"
"bigbird572","2-39-79-378","8"
"heavyostrich101","2-39-83-387","5"
"heavyostrich101","2-39-138-29","3"
"heavyostrich101","2-39-78-367","0"
"heavyostrich101","2-39-79-379","0"
"heavyostrich101","2-39-89-25","0"
"heavyostrich101","2-39-139-567","3"
"heavyostrich101","2-39-128-18","9"
"heavyostrich101","2-39-79-376","3"
"heavyostrich101","2-39-139-28","2"
"heavyostrich101","2-39-78-363","8"
"heavyostrich101","2-39-78-362","8"
"heavyostrich101","2-39-125-21","4"
"heavyostrich101","2-39-126-560","3"
"heavyostrich101","2-39-130-31","2"
"heavyostrich101","2-39-138-566","5"
"heavyostrich101","2-39-127-561","10"
"heavyostrich101","2-39-79-380","8"
"heavyostrich101","2-39-123-557","9"
"beautifulgorilla799","2-39-79-383","10"
"beautifulgorilla799","2-39-79-378","8"
"beautifulgorilla799","2-39-82-385","5"
"beautifulgorilla799","2-39-128-18","3"
"beautifulgorilla799","2-39-79-382","4"
"beautifulgorilla799","2-39-126-560","8"
"beautifulgorilla799","2-39-78-362","2"
"beautifulgorilla799","2-39-123-557","1"
"beautifulgorilla799","2-39-83-386","5"
"beautifulgorilla799","2-39-78-360","0"
"beautifulgorilla799","2-39-91-441","0"
"beautifulgorilla799","2-39-124-558","10"
"beautifulgorilla799","2-39-125-21","6"
"smallpeacock132","2-39-78-363","9"
"smallpeacock132","2-39-79-380","2"
"smallpeacock132","2-39-126-560","6"
"smallpeacock132","2-39-90-440","6"
"smallpeacock132","2-39-88-24","9"
"smallpeacock132","2-39-79-377","2"
"smallpeacock132","2-39-83-386","0"
"smallpeacock132","2-39-131-30","10"
"smallpeacock132","2-39-79-383","8"
"smallpeacock132","2-39-138-566","7"
"smallpeacock132","2-39-78-364","6"
"smallpeacock132","2-39-82-385","1"
"smallpeacock132","2-39-95-444","0"
"smallpeacock132","2-39-82-384","2"
"smallpeacock132","2-39-89-439","1"
"smallpeacock132","2-39-126-20","8"
"smallpeacock132","2-39-125-21","7"
"smallpeacock132","2-39-138-29","4"
"smallpeacock132","2-39-123-557","3"
"smallpeacock132","2-39-79-381","5"
"smallpeacock132","2-39-91-437","10"
"angryfrog826","2-39-90-26","8"
"angryfrog826","2-39-78-364","5"
"angryfrog826","2-39-79-377","2"
"angryfrog826","2-39-125-21","8"
"angryfrog826","2-39-127-19","10"
"angryfrog826","2-39-89-25","1"
"angryfrog826","2-39-79-381","9"
"angryfrog826","2-39-123-23","10"
"orangebear950","2-39-95-444","7"
"orangebear950","2-39-78-365","3"
"orangebear950","2-39-123-557","10"
"orangebear950","2-39-78-363","2"
"orangebear950","2-39-92-442","5"
"orangebear950","2-39-79-379","8"
"orangebear950","2-39-138-29","4"
"orangebear950","2-39-79-377","5"
"orangebear950","2-39-125-559","4"
"orangebear950","2-39-83-387","10"
"orangebear950","2-39-88-24","9"
"orangebear950","2-39-78-360","4"
"orangebear950","2-39-128-18","10"
"orangebear950","2-39-126-20","2"
"orangebear950","2-39-127-19","7"
"orangebear950","2-39-79-382","2"
"orangebear950","2-39-129-17","7"
"orangebear950","2-39-82-384","7"
"orangebear950","2-39-92-436","0"
"sadelephant938","2-39-79-381","6"
"sadelephant938","2-39-91-437","10"
"sadelephant938","2-39-126-20","8"
"sadelephant938","2-39-79-378","5"
"sadelephant938","2-39-89-439","8"
"sadelephant938","2-39-83-386","7"
"sadelephant938","2-39-130-31","0"
"sadelephant938","2-39-79-380","4"
"sadelephant938","2-39-83-387","7"
"sadelephant938","2-39-91-441","3"
"sadelephant938","2-39-79-383","9"
"sadelephant938","2-39-82-384","9"
"sadelephant938","2-39-78-364","2"
"sadelephant938","2-39-78-361","7"
"sadelephant938","2-39-78-367","10"
"sadelephant938","2-39-90-26","2"
"sadelephant938","2-39-127-561","0"
"sadelephant938","2-39-125-559","0"
"sadelephant938","2-39-88-24","10"
"sadelephant938","2-39-78-366","0"
"angrybutterfly766","2-39-92-442","10"
"angrybutterfly766","2-39-125-559","0"
"angrybutterfly766","2-39-78-362","10"
"angrybutterfly766","2-39-79-382","7"
"angrybutterfly766","2-39-129-563","5"
"angrybutterfly766","2-39-79-376","5"
"beautifulgorilla711","2-39-91-441","9"
"beautifulgorilla711","2-39-92-442","8"
"beautifulgorilla711","2-39-79-380","6"
"beautifulgorilla711","2-39-88-438","10"
"beautifulgorilla711","2-39-126-560","6"
"beautifulgorilla711","2-39-128-562","10"
"beautifulgorilla711","2-39-131-565","8"
"beautifulgorilla711","2-39-78-367","9"
"beautifulgorilla711","2-39-79-382","8"
"beautifulgorilla711","2-39-95-27","3"
"beautifulgorilla711","2-39-79-378","5"
"beautifulgorilla711","2-39-127-561","6"
"beautifulgorilla711","2-39-78-365","10"
"beautifulgorilla711","2-39-78-361","4"
"beautifulgorilla711","2-39-129-563","6"
"beautifulgorilla711","2-39-129-17","10"
"beautifulgorilla711","2-39-79-383","6"
"beautifulgorilla711","2-39-83-386","0"
"beautifulgorilla711","2-39-127-19","3"
"beautifulgorilla711","2-39-89-25","9"
"beautifulgorilla711","2-39-131-30","4"
"blackfrog238","2-39-79-376","2"
"blackfrog238","2-39-78-367","6"
"blackfrog238","2-39-83-386","10"
"blackfrog238","2-39-95-27","8"
"blackfrog238","2-39-126-560","8"
"blackfrog238","2-39-79-381","7"
"blackfrog238","2-39-129-563","2"
"blackfrog238","2-39-79-383","6"
"blackfrog238","2-39-88-438","10"
"blackfrog238","2-39-78-363","8"
"blackfrog238","2-39-89-439","3"
"blackfrog238","2-39-89-25","8"
"blackfrog238","2-39-130-31","7"
"blackfrog238","2-39-88-24","6"
"blackfrog238","2-39-124-558","1"
"lazycat686","2-39-91-441","10"
"happybird169","2-39-83-387","0"
"happybird169","2-39-82-385","10"
"happybird169","2-39-79-377","3"
"happybird169","2-39-91-441","3"
"happybird169","2-39-130-564","5"
"happybird169","2-39-90-440","5"
"happybird169","2-39-124-558","5"
"happybird169","2-39-138-566","6"
"happybird169","2-39-125-559","9"
"happybird169","2-39-138-29","6"
"happybird169","2-39-91-437","10"
"happybird169","2-39-127-19","0"
"happybird169","2-39-92-436","1"
"happybird169","2-39-78-360","10"
"whitebird891","2-39-88-438","10"
"whitebird891","2-39-131-565","3"
"whitebird891","2-39-139-567","9"
"whitebird891","2-39-78-365","8"
"whitebird891","2-39-130-564","7"
"whitebird891","2-39-128-562","7"
"whitebird891","2-39-83-387","4"
"whitebird891","2-39-79-379","10"
"whitebird891","2-39-79-383","1"
"whitebird891","2-39-89-25","4"
"whitebird891","2-39-78-360","5"
"whitebird891","2-39-89-439","4"
"whitebird891","2-39-78-364","5"
"whitebird891","2-39-128-18","6"
"whitebird891","2-39-90-440","3"
"whitebird891","2-39-91-441","5"
"whitebird891","2-39-83-386","10"
"goldenladybug220","2-39-126-560","1"
"goldenladybug220","2-39-79-382","9"
"goldenladybug220","2-39-127-19","10"
"goldenladybug220","2-39-79-378","0"
"goldenladybug220","2-39-123-23","5"
"goldenladybug220","2-39-124-22","4"
"goldenladybug220","2-39-125-21","6"
"redduck922","2-39-79-376","7"
"redduck922","2-39-123-557","1"
"redduck922","2-39-78-364","3"
"redduck922","2-39-79-383","10"
"angryfrog345","2-39-138-566","4"
"angryfrog345","2-39-130-564","1"
"angryfrog345","2-39-83-386","6"
"angryfrog345","2-39-82-385","2"
"angryfrog345","2-39-78-362","0"
"angryfrog345","2-39-83-387","1"
"angryfrog345","2-39-78-363","1"
"angryfrog345","2-39-131-30","4"
"angryfrog345","2-39-129-17","1"
"angryfrog345","2-39-91-441","8"
"angryfrog345","2-39-124-558","3"
"angryfrog345","2-39-90-440","0"
"angryfrog345","2-39-129-563","5"
"angryfrog345","2-39-126-560","6"
"angryfrog345","2-39-124-22","0"
"angryfrog345","2-39-130-31","5"
"angryfrog345","2-39-92-436","5"
"angryfrog345","2-39-139-28","0"
"angryfrog345","2-39-79-378","4"
"angryfrog345","2-39-78-361","10"
"angryfrog345","2-39-126-20","10"
"angryfrog345","2-39-92-442","1"
"angryfrog345","2-39-79-383","10"
"angryfrog345","2-39-95-444","10"
"angryfrog345","2-39-78-364","9"
"angryfrog345","2-39-78-365","1"
"angryfrog345","2-39-89-25","4"
"angryfrog345","2-39-78-360","9"
"angryfrog345","2-39-123-23","5"
"bluebear948","2-39-78-360","8"
"smalltiger215","2-39-123-23","3"
"smalltiger215","2-39-92-436","2"
"smalltiger215","2-39-82-385","10"
"smalltiger215","2-39-126-560","5"
"smalltiger215","2-39-78-360","0"
"smalltiger215","2-39-79-377","9"
"smalltiger215","2-39-126-20","5"
"smalltiger215","2-39-78-365","7"
"smalltiger215","2-39-131-30","9"
"smalltiger215","2-39-130-564","4"
"smalltiger215","2-39-79-379","10"
"smalltiger215","2-39-79-382","9"
"smalltiger215","2-39-129-563","3"
"smalltiger215","2-39-125-559","5"
"smalltiger215","2-39-138-566","2"
"smalltiger215","2-39-88-24","10"
"smalltiger215","2-39-130-31","4"
"smalltiger215","2-39-90-26","10"
"smalltiger215","2-39-91-441","7"
"smalltiger215","2-39-129-17","7"
"smalltiger215","2-39-78-362","10"
"smalltiger215","2-39-78-364","10"
"smalltiger215","2-39-79-381","1"
"smalltiger215","2-39-88-438","10"
"redpeacock445","2-39-83-386","5"
"redpeacock445","2-39-127-561","10"
"ticklishmeercat385","2-39-82-385","10"
"ticklishmeercat385","2-39-78-366","2"
"ticklishmeercat385","2-39-79-380","5"
"ticklishmeercat385","2-39-126-20","8"
"ticklishmeercat385","2-39-138-29","0"
"ticklishmeercat385","2-39-125-559","5"
"ticklishmeercat385","2-39-82-384","2"
"ticklishmeercat385","2-39-92-442","6"
"ticklishmeercat385","2-39-78-365","0"
"ticklishmeercat385","2-39-90-26","9"
"ticklishmeercat385","2-39-89-25","10"
"ticklishmeercat385","2-39-79-383","8"
"ticklishmeercat385","2-39-88-438","2"
"ticklishmeercat385","2-39-127-19","8"
"smallmeercat885","2-39-79-382","4"
"smallmeercat885","2-39-90-26","4"
"smallmeercat885","2-39-127-561","2"
"smallmeercat885","2-39-79-378","9"
"smallmeercat885","2-39-91-437","10"
"smallmeercat885","2-39-127-19","9"
"smallmeercat885","2-39-131-565","2"
"smallmeercat885","2-39-78-365","0"
"smallmeercat885","2-39-128-18","8"
"smallmeercat885","2-39-123-557","6"
"smallmeercat885","2-39-89-25","4"
"smallmeercat885","2-39-124-558","0"
"smallmeercat885","2-39-125-559","8"
"smallmeercat885","2-39-79-380","4"
"smallmeercat885","2-39-95-444","9"
"smallmeercat885","2-39-138-29","5"
"smallmeercat885","2-39-91-441","5"
"smallmeercat885","2-39-124-22","0"
"bigpeacock769","2-39-125-559","2"
"bigpeacock769","2-39-78-367","9"
"bigpeacock769","2-39-95-444","5"
"bigpeacock769","2-39-131-30","1"
"bigpeacock769","2-39-79-382","9"
"bigpeacock769","2-39-129-563","1"
"bigpeacock769","2-39-138-566","8"
"bigpeacock769","2-39-123-23","2"
"bigpeacock769","2-39-79-378","7"
"bigpeacock769","2-39-88-438","8"
"bigpeacock769","2-39-83-386","8"
"bigpeacock769","2-39-127-19","4"
"bigpeacock769","2-39-95-27","10"
"lazyrabbit976","2-39-79-378","7"
"lazyrabbit976","2-39-129-563","6"
"lazyrabbit976","2-39-123-23","2"
"lazyrabbit976","2-39-78-361","6"
"lazyrabbit976","2-39-91-441","10"
"lazyrabbit976","2-39-79-377","10"
"lazyrabbit976","2-39-83-387","3"
"lazyrabbit976","2-39-78-366","10"
"lazyrabbit976","2-39-125-559","10"
"lazyrabbit976","2-39-131-30","8"
"lazyrabbit976","2-39-123-557","9"
"lazyrabbit976","2-39-79-383","5"
"lazyrabbit976","2-39-79-381","7"
"lazyrabbit976","2-39-89-439","0"
"lazyrabbit976","2-39-78-367","5"
"lazyrabbit976","2-39-139-28","0"
"lazyrabbit976","2-39-92-442","6"
"lazyrabbit976","2-39-126-20","9"
"lazyrabbit976","2-39-138-29","3"
"lazyrabbit976","2-39-127-19","4"
"lazyrabbit976","2-39-126-560","2"
"lazyrabbit976","2-39-79-380","7"
"lazyrabbit976","2-39-138-566","1"
"bigsnake723","2-39-88-24","7"
"bigsnake723","2-39-128-18","0"
"bigsnake723","2-39-83-386","3"
"bigsnake723","2-39-83-387","10"
"bigsnake723","2-39-79-382","5"
"bigsnake723","2-39-125-559","7"
"bigsnake723","2-39-128-562","0"
"bigsnake723","2-39-131-565","5"
"bigsnake723","2-39-92-436","0"
"bigsnake723","2-39-78-365","1"
"bigsnake723","2-39-139-567","8"
"bigsnake723","2-39-82-385","5"
"bigsnake723","2-39-91-441","7"
"bigsnake723","2-39-79-379","9"
"bigsnake723","2-39-79-380","4"
"bigsnake723","2-39-129-563","8"
"bigsnake723","2-39-78-361","9"
"bigsnake723","2-39-82-384","0"
"bigsnake723","2-39-139-28","5"
"bigsnake723","2-39-90-440","10"
"bigsnake723","2-39-124-558","5"
"bigsnake723","2-39-78-362","8"
"bigsnake723","2-39-138-566","7"
"bigsnake723","2-39-130-31","5"
"bigsnake723","2-39-79-378","9"
"yellowsnake951","2-39-131-565","5"
"yellowsnake951","2-39-91-441","3"
"yellowsnake951","2-39-123-23","1"
"yellowsnake951","2-39-78-366","1"
"yellowsnake951","2-39-79-382","0"
"yellowsnake951","2-39-92-436","5"
"yellowsnake951","2-39-82-385","7"
"yellowsnake951","2-39-89-25","8"
"yellowsnake951","2-39-138-29","10"
"yellowsnake951","2-39-131-30","8"
"yellowsnake951","2-39-129-17","2"
"yellowsnake951","2-39-90-26","4"
"yellowsnake951","2-39-78-362","1"
"yellowsnake951","2-39-78-360","2"
"yellowsnake951","2-39-124-558","0"
"yellowsnake951","2-39-139-28","9"
"yellowsnake951","2-39-78-365","1"
"yellowsnake951","2-39-79-379","1"
"yellowsnake951","2-39-82-384","5"
"yellowsnake951","2-39-126-560","8"
"yellowsnake951","2-39-127-561","7"
"yellowsnake951","2-39-127-19","7"
"heavyfish109","2-39-130-564","8"
"heavyfish109","2-39-125-21","8"
"heavyfish109","2-39-92-442","10"
"heavyfish109","2-39-91-437","3"
"goldenlion182","2-39-129-563","4"
"beautifuldog511","2-39-82-385","9"
"beautifuldog511","2-39-125-21","3"
"beautifuldog511","2-39-90-440","0"
"beautifuldog511","2-39-91-441","3"
"beautifuldog511","2-39-139-28","1"
"beautifuldog511","2-39-131-565","3"
"beautifuldog511","2-39-78-366","2"
"beautifuldog511","2-39-79-383","4"
"beautifuldog511","2-39-78-361","1"
"beautifuldog511","2-39-138-29","4"
"beautifuldog511","2-39-95-27","2"
"beautifuldog511","2-39-89-439","3"
"beautifuldog511","2-39-139-567","4"
"beautifuldog511","2-39-78-360","3"
"beautifuldog511","2-39-95-444","1"
"beautifuldog511","2-39-127-561","5"
"beautifuldog511","2-39-123-23","10"
"beautifuldog511","2-39-79-380","3"
"beautifuldog511","2-39-89-25","6"
"beautifuldog511","2-39-78-362","10"
"beautifulleopard909","2-39-79-381","8"
"beautifulleopard909","2-39-131-565","5"
"beautifulleopard909","2-39-78-364","3"
"beautifulleopard909","2-39-78-363","3"
"beautifulleopard909","2-39-79-377","7"
"beautifulleopard909","2-39-126-560","0"
"beautifulleopard909","2-39-131-30","10"
"beautifulleopard909","2-39-79-379","5"
"beautifulleopard909","2-39-90-26","2"
"beautifulleopard909","2-39-79-376","1"
"beautifulleopard909","2-39-138-566","2"
"beautifulleopard909","2-39-128-562","0"
"beautifulleopard909","2-39-89-25","3"
"beautifulleopard909","2-39-138-29","5"
"beautifulleopard909","2-39-127-19","8"
"beautifulleopard909","2-39-92-436","3"
"beautifulleopard909","2-39-139-567","1"
"beautifulleopard909","2-39-82-384","8"
"beautifulleopard909","2-39-90-440","2"
"beautifulleopard909","2-39-78-365","2"
"beautifulleopard909","2-39-78-367","6"
"beautifulleopard909","2-39-95-27","8"
"beautifulleopard909","2-39-130-564","4"
"beautifulleopard909","2-39-88-24","8"
"beautifulleopard909","2-39-78-362","2"
"beautifulleopard909","2-39-78-366","6"
"beautifulleopard909","2-39-127-561","0"
"beautifulleopard909","2-39-88-438","5"
"greentiger907","2-39-127-19","7"
"greentiger907","2-39-88-24","9"
"greentiger907","2-39-123-23","4"
"greentiger907","2-39-125-559","10"
"greentiger907","2-39-139-28","5"
"greentiger907","2-39-126-560","1"
"greentiger907","2-39-91-441","4"
"greentiger907","2-39-89-439","6"
"greentiger907","2-39-78-364","9"
"greentiger907","2-39-83-386","5"
"greentiger907","2-39-131-565","0"
"greentiger907","2-39-79-382","7"
"greentiger907","2-39-78-360","3"
"greentiger907","2-39-138-29","5"
"greentiger907","2-39-79-379","5"
"greentiger907","2-39-92-436","1"
"greentiger907","2-39-89-25","2"
"greentiger907","2-39-91-437","7"
"brownelephant214","2-39-78-366","4"
"brownelephant214","2-39-127-19","5"
"brownelephant214","2-39-88-24","6"
"brownelephant214","2-39-130-564","5"
"brownelephant214","2-39-79-383","10"
"brownelephant214","2-39-79-381","7"
"brownelephant214","2-39-83-387","4"
"brownelephant214","2-39-82-384","8"
"blackkoala898","2-39-130-564","0"
"blackkoala898","2-39-78-364","6"
"blackkoala898","2-39-128-562","10"
"blackkoala898","2-39-79-379","0"
"blackkoala898","2-39-92-436","10"
"blackkoala898","2-39-127-561","10"
"blackkoala898","2-39-126-20","10"
"blackkoala898","2-39-79-381","7"
"blackkoala898","2-39-129-563","7"
"blackkoala898","2-39-95-444","2"
"blackkoala898","2-39-139-567","6"
"blackkoala898","2-39-78-365","4"
"blackkoala898","2-39-83-386","5"
"blackkoala898","2-39-124-22","7"
"bigbutterfly510","2-39-95-444","4"
"bigbutterfly510","2-39-78-362","6"
"bigbutterfly510","2-39-78-363","0"
"bigbutterfly510","2-39-78-365","2"
"bigbutterfly510","2-39-82-385","8"
"bigbutterfly510","2-39-138-29","2"
"bigbutterfly510","2-39-90-26","0"
"bigbutterfly510","2-39-78-367","10"
"bigbutterfly510","2-39-125-559","8"
"bigbutterfly510","2-39-123-557","5"
"bigbutterfly510","2-39-79-383","3"
"bigbutterfly510","2-39-139-28","2"
"bigbutterfly510","2-39-78-361","1"
"bigbutterfly510","2-39-125-21","3"
"goldenpanda868","2-39-138-29","6"
"goldenpanda868","2-39-128-562","0"
"goldenpanda868","2-39-89-25","5"
"goldenpanda868","2-39-95-27","3"
"goldenpanda868","2-39-139-28","3"
"goldenpanda868","2-39-131-565","9"
"goldenpanda868","2-39-79-376","2"
"goldenpanda868","2-39-78-363","1"
"goldenpanda868","2-39-130-564","0"
"goldenpanda868","2-39-124-22","8"
"goldenpanda868","2-39-82-384","4"
"beautifulladybug881","2-39-139-567","0"
"beautifulladybug881","2-39-79-379","9"
"beautifulladybug881","2-39-82-385","7"
"beautifulladybug881","2-39-131-565","6"
"beautifulladybug881","2-39-79-376","8"
"beautifulladybug881","2-39-83-386","6"
"beautifulladybug881","2-39-91-441","2"
"beautifulladybug881","2-39-78-363","2"
"beautifulladybug881","2-39-89-439","5"
"beautifulladybug881","2-39-88-438","0"
"beautifulladybug881","2-39-125-559","5"
"beautifulladybug881","2-39-130-564","0"
"beautifulladybug881","2-39-125-21","10"
"beautifulladybug881","2-39-89-25","0"
"beautifulladybug881","2-39-92-436","1"
"beautifulladybug881","2-39-79-378","0"
"beautifulladybug881","2-39-127-561","0"
"beautifulladybug881","2-39-130-31","1"
"beautifulladybug881","2-39-79-377","3"
"beautifulladybug881","2-39-127-19","6"
"beautifulladybug881","2-39-83-387","5"
"beautifulladybug881","2-39-128-18","2"
"lazysnake558","2-39-131-565","0"
"lazysnake558","2-39-78-362","10"
"lazysnake558","2-39-125-21","7"
"lazysnake558","2-39-89-25","4"
"lazysnake558","2-39-79-379","5"
"lazysnake558","2-39-123-557","6"
"lazysnake558","2-39-79-380","8"
"lazysnake558","2-39-124-558","4"
"lazysnake558","2-39-130-31","4"
"lazysnake558","2-39-78-361","8"
"lazysnake558","2-39-139-567","7"
"lazysnake558","2-39-92-436","10"
"lazysnake558","2-39-79-376","1"
"lazysnake558","2-39-78-364","4"
"lazysnake558","2-39-78-360","9"
"lazysnake558","2-39-78-366","6"
"lazysnake558","2-39-128-18","1"
"lazysnake558","2-39-129-563","6"
"lazysnake558","2-39-95-27","10"
"lazysnake558","2-39-92-442","2"
"lazysnake558","2-39-82-384","9"
"lazysnake558","2-39-126-20","1"
"lazysnake558","2-39-89-439","8"
"lazysnake558","2-39-123-23","3"
"lazysnake558","2-39-79-377","8"
"lazysnake558","2-39-90-440","3"
"lazysnake558","2-39-79-378","4"
"lazysnake558","2-39-95-444","10"
"lazysnake558","2-39-90-26","0"
"lazysnake558","2-39-78-367","9"
"crazybutterfly562","2-39-126-20","7"
"crazybutterfly562","2-39-123-557","3"
"crazybutterfly562","2-39-79-383","4"
"crazybutterfly562","2-39-124-558","0"
"crazybutterfly562","2-39-78-363","4"
"crazybutterfly562","2-39-95-27","3"
"crazybutterfly562","2-39-91-441","0"
"crazybutterfly562","2-39-139-28","7"
"crazybutterfly562","2-39-82-385","1"
"crazybutterfly562","2-39-128-18","0"
"crazybutterfly562","2-39-125-559","0"
"crazybutterfly562","2-39-129-17","1"
"crazybutterfly562","2-39-128-562","5"
"crazybutterfly562","2-39-138-29","0"
"crazybutterfly562","2-39-78-366","5"
"crazybutterfly562","2-39-131-565","6"
"crazybutterfly562","2-39-124-22","7"
"crazybutterfly562","2-39-91-437","6"
"crazybutterfly562","2-39-95-444","5"
"crazybutterfly562","2-39-83-387","1"
"browntiger337","2-39-127-561","8"
"browntiger337","2-39-92-436","4"
"browntiger337","2-39-92-442","0"
"browntiger337","2-39-90-26","5"
"browntiger337","2-39-79-381","8"
"browntiger337","2-39-139-567","6"
"browntiger337","2-39-79-383","5"
"browntiger337","2-39-82-384","2"
"browntiger337","2-39-124-558","0"
"browntiger337","2-39-131-565","7"
"browntiger337","2-39-95-444","2"
"blueleopard235","2-39-79-381","5"
"blueleopard235","2-39-79-382","5"
"blueleopard235","2-39-95-444","9"
"blueleopard235","2-39-131-565","7"
"blueleopard235","2-39-79-377","7"
"heavymeercat380","2-39-83-387","8"
"heavymeercat380","2-39-125-559","8"
"heavymeercat380","2-39-79-378","9"
"heavymeercat380","2-39-78-365","1"
"heavymeercat380","2-39-91-441","3"
"heavymeercat380","2-39-95-444","0"
"heavymeercat380","2-39-124-22","8"
"heavymeercat380","2-39-79-382","8"
"heavymeercat380","2-39-78-360","0"
"heavymeercat380","2-39-95-27","4"
"heavymeercat380","2-39-129-563","2"
"heavymeercat380","2-39-82-384","10"
"heavymeercat380","2-39-88-438","7"
"heavymeercat380","2-39-138-566","10"
"heavymeercat380","2-39-138-29","8"
"heavymeercat380","2-39-91-437","2"
"heavymeercat380","2-39-139-28","6"
"heavymeercat380","2-39-126-20","9"
"heavymeercat380","2-39-78-367","3"
"heavymeercat380","2-39-89-439","9"
"heavymeercat380","2-39-128-18","10"
"purpleleopard162","2-39-123-557","7"
"purpleleopard162","2-39-129-563","7"
"purpleleopard162","2-39-131-565","9"
"purpleleopard162","2-39-83-387","8"
"purpleleopard162","2-39-88-24","4"
"purpleleopard162","2-39-129-17","6"
"purpleleopard162","2-39-126-560","1"
"purpleleopard162","2-39-131-30","2"
"purpleleopard162","2-39-128-562","5"
"purpleleopard162","2-39-78-360","10"
"purpleleopard162","2-39-78-366","9"
"purpleleopard162","2-39-138-29","6"
"purpleleopard162","2-39-82-385","5"
"purpleleopard162","2-39-78-361","3"
"purpleleopard162","2-39-78-364","9"
"purpleleopard162","2-39-123-23","9"
"purpleleopard162","2-39-127-19","3"
"purpleleopard162","2-39-124-558","8"
"purpleleopard162","2-39-91-437","4"
"purpleleopard162","2-39-78-363","10"
"purpleleopard162","2-39-78-362","4"
"purpleleopard162","2-39-79-383","10"
"purpleleopard162","2-39-89-25","10"
"purpleleopard162","2-39-89-439","2"
"blackmeercat505","2-39-128-562","5"
"blackmeercat505","2-39-78-365","8"
"blackmeercat505","2-39-78-363","2"
"blackmeercat505","2-39-78-366","0"
"blackmeercat505","2-39-127-19","9"
"blackmeercat505","2-39-79-379","8"
"blackmeercat505","2-39-78-361","5"
"blackmeercat505","2-39-83-386","9"
"blackmeercat505","2-39-82-384","0"
"heavytiger672","2-39-123-557","3"
"orangepanda136","2-39-82-385","3"
"orangepanda136","2-39-78-363","8"
"redsnake165","2-39-78-360","4"
"redsnake165","2-39-88-438","4"
"redsnake165","2-39-79-376","9"
"redsnake165","2-39-79-381","6"
"redsnake165","2-39-129-17","0"
"redsnake165","2-39-78-366","8"
"redsnake165","2-39-91-441","6"
"redsnake165","2-39-125-559","4"
"redsnake165","2-39-129-563","6"
"redsnake165","2-39-127-561","4"
"redsnake165","2-39-123-23","2"
"redsnake165","2-39-79-383","1"
"redsnake165","2-39-91-437","2"
"redsnake165","2-39-83-387","9"
"redsnake165","2-39-130-31","2"
"redsnake165","2-39-95-27","3"
"beautifulgorilla803","2-39-79-376","2"
"beautifulgorilla803","2-39-78-362","1"
"beautifulgorilla803","2-39-90-440","8"
"beautifulgorilla803","2-39-90-26","5"
"beautifulgorilla803","2-39-95-27","0"
"beautifulgorilla803","2-39-125-21","1"
"beautifulgorilla803","2-39-130-564","6"
"beautifulgorilla803","2-39-131-565","1"
"beautifulgorilla803","2-39-126-20","2"
"beautifulgorilla803","2-39-123-557","8"
"beautifulgorilla803","2-39-78-365","5"
"beautifulgorilla803","2-39-83-386","2"
"beautifulgorilla803","2-39-124-558","7"
"beautifulgorilla803","2-39-88-438","0"
"beautifulgorilla803","2-39-92-436","8"
"beautifulgorilla803","2-39-78-360","6"
"beautifulgorilla803","2-39-79-381","5"
"beautifulgorilla803","2-39-89-25","9"
"beautifulgorilla803","2-39-79-378","3"
"beautifulgorilla803","2-39-91-441","8"
"beautifulgorilla803","2-39-138-566","3"
"crazyduck945","2-39-130-31","0"
"crazyduck945","2-39-89-439","10"
"crazyduck945","2-39-78-364","10"
"crazyduck945","2-39-79-381","0"
"crazyduck945","2-39-82-384","4"
"crazyduck945","2-39-125-559","0"
"crazyduck945","2-39-78-363","10"
"crazyduck945","2-39-78-367","5"
"crazyduck945","2-39-130-564","7"
"crazyduck945","2-39-79-383","2"
"crazyduck945","2-39-126-20","8"
"sadlion699","2-39-92-442","6"
"sadlion699","2-39-127-561","8"
"sadlion699","2-39-91-437","2"
"sadlion699","2-39-83-386","5"
"sadlion699","2-39-79-383","5"
"sadlion699","2-39-78-365","1"
"sadlion699","2-39-138-566","5"
"sadlion699","2-39-124-558","8"
"sadlion699","2-39-139-567","1"
"sadlion699","2-39-125-559","7"
"sadlion699","2-39-124-22","6"
"sadlion699","2-39-138-29","10"
"sadgorilla526","2-39-138-29","7"
"sadgorilla526","2-39-127-561","2"
"sadgorilla526","2-39-88-24","1"
"sadgorilla526","2-39-83-386","10"
"sadgorilla526","2-39-130-31","8"
"sadgorilla526","2-39-90-26","5"
"sadgorilla526","2-39-78-366","6"
"sadgorilla526","2-39-95-444","5"
"sadgorilla526","2-39-138-566","6"
"sadgorilla526","2-39-82-385","6"
"sadgorilla526","2-39-129-17","1"
"smallwolf609","2-39-79-380","10"
"smallwolf609","2-39-123-557","5"
"smallwolf609","2-39-128-562","2"
"smallwolf609","2-39-128-18","8"
"smallwolf609","2-39-125-21","1"
"smallwolf609","2-39-126-20","3"
"smallwolf609","2-39-124-558","4"
"smallwolf609","2-39-82-385","0"
"smallwolf609","2-39-83-386","0"
"smallwolf609","2-39-79-382","1"
"smallwolf609","2-39-88-438","7"
"smallwolf609","2-39-95-27","0"
"organicfrog176","2-39-128-562","5"
"organicfrog176","2-39-130-31","2"
"organicfrog176","2-39-78-362","2"
"organicfrog176","2-39-123-23","6"
"organicfrog176","2-39-124-558","7"
"organicfrog176","2-39-95-27","7"
"organicfrog176","2-39-79-383","0"
"organicfrog176","2-39-138-29","0"
"organicfrog176","2-39-82-385","1"
"organicfrog176","2-39-123-557","7"
"organicfrog176","2-39-139-28","7"
"organicfrog176","2-39-90-440","3"
"organicfrog176","2-39-129-17","10"
"organicfrog176","2-39-91-441","5"
"organicfrog176","2-39-126-20","3"
"organicfrog176","2-39-127-561","9"
"organicfrog176","2-39-90-26","4"
"sadwolf750","2-39-88-24","7"
"sadwolf750","2-39-78-363","7"
"sadwolf750","2-39-79-378","3"
"sadwolf750","2-39-131-565","4"
"sadwolf750","2-39-139-567","2"
"sadwolf750","2-39-123-23","2"
"bigbird883","2-39-124-22","8"
"bigbird883","2-39-91-437","1"
"bigbird883","2-39-79-381","2"
"bigbird883","2-39-78-362","4"
"bigbird883","2-39-90-26","4"
"bigbird883","2-39-128-562","8"
"bigbird883","2-39-92-436","9"
"bigbird883","2-39-131-30","8"
"bigbird883","2-39-78-366","3"
"bigbird883","2-39-82-384","5"
"bigbird883","2-39-124-558","0"
"bigbird883","2-39-79-383","10"
"bigbird883","2-39-129-563","4"
"bigbird883","2-39-138-29","9"
"bigbird883","2-39-79-382","9"
"bigbird883","2-39-82-385","10"
"bigbird883","2-39-127-19","3"
"bigbird883","2-39-79-380","0"
"bigbird883","2-39-125-21","1"
"bigbird883","2-39-126-560","0"
"bigbird883","2-39-83-386","5"
"bigbird883","2-39-127-561","4"
"bigbird883","2-39-128-18","9"
"bigbird883","2-39-78-360","4"
"goldenzebra504","2-39-126-560","2"
"goldenzebra504","2-39-126-20","0"
"goldenzebra504","2-39-89-25","1"
"goldenzebra504","2-39-79-381","1"
"goldenzebra504","2-39-79-380","10"
"goldenzebra504","2-39-124-558","0"
"goldenzebra504","2-39-88-24","8"
"goldenzebra504","2-39-90-26","8"
"goldenzebra504","2-39-78-365","2"
"goldenzebra504","2-39-123-23","1"
"goldenzebra504","2-39-79-379","6"
"goldenzebra504","2-39-139-567","3"
"goldenzebra504","2-39-130-564","0"
"goldenzebra504","2-39-124-22","2"
"goldenzebra504","2-39-78-362","5"
"goldenzebra504","2-39-92-442","5"
"goldenzebra504","2-39-129-17","7"
"goldenzebra504","2-39-125-559","8"
"goldenzebra504","2-39-131-565","9"
"goldenzebra504","2-39-79-378","4"
"goldenzebra504","2-39-95-27","10"
"goldenzebra504","2-39-78-364","4"
"goldenzebra504","2-39-130-31","4"
"goldenzebra504","2-39-78-361","5"
"goldenzebra504","2-39-127-561","4"
"goldenzebra504","2-39-92-436","1"
"crazybird677","2-39-95-27","7"
"crazybird677","2-39-128-18","0"
"crazybird677","2-39-79-382","9"
"crazybird677","2-39-138-29","7"
"crazybird677","2-39-123-557","7"
"crazybird677","2-39-83-387","2"
"crazybird677","2-39-89-25","1"
"crazybird677","2-39-129-563","5"
"crazybird677","2-39-139-28","9"
"crazybird677","2-39-88-438","7"
"crazybird677","2-39-127-561","9"
"crazybird677","2-39-79-380","8"
"crazybird677","2-39-129-17","5"
"crazybird677","2-39-95-444","1"
"crazybird677","2-39-79-383","3"
"crazybird677","2-39-131-565","9"
"crazybird677","2-39-138-566","3"
"crazybird677","2-39-91-437","5"
"crazybird677","2-39-79-377","7"
"crazybird677","2-39-79-378","9"
"crazybird677","2-39-88-24","5"
"crazybird677","2-39-124-22","6"
"crazybird677","2-39-90-26","8"
"crazybird677","2-39-127-19","10"
"crazybird677","2-39-90-440","10"
"orangeladybug550","2-39-131-565","1"
"orangeladybug550","2-39-83-387","9"
"orangeladybug550","2-39-126-560","3"
"orangeladybug550","2-39-131-30","3"
"angrycat138","2-39-139-567","4"
"angrycat138","2-39-79-377","2"
"angrycat138","2-39-79-380","2"
"angrycat138","2-39-89-25","4"
"angrycat138","2-39-78-364","10"
"angrycat138","2-39-90-440","7"
"angrycat138","2-39-124-558","5"
"angrycat138","2-39-130-564","3"
"angrycat138","2-39-79-378","2"
"angrycat138","2-39-88-24","1"
"angrycat138","2-39-128-18","6"
"angrycat138","2-39-78-360","9"
"angrycat138","2-39-129-563","5"
"angrycat138","2-39-83-387","10"
"angrycat138","2-39-79-382","1"
"angrycat138","2-39-123-23","4"
"angrycat138","2-39-79-383","6"
"angrycat138","2-39-95-27","8"
"angrycat138","2-39-91-437","9"
"angrycat138","2-39-126-20","4"
"angrycat138","2-39-138-29","7"
"angrycat138","2-39-127-19","2"
"ticklishmouse899","2-39-88-438","9"
"ticklishmouse899","2-39-90-26","4"
"ticklishmouse899","2-39-129-563","9"
"ticklishmouse899","2-39-124-22","3"
"ticklishmouse899","2-39-79-383","5"
"ticklishmouse899","2-39-126-20","10"
"ticklishmouse899","2-39-89-439","1"
"ticklishmouse899","2-39-127-561","6"
"orangewolf637","2-39-78-361","3"
"orangewolf637","2-39-90-440","0"
"orangewolf637","2-39-78-366","3"
"orangewolf637","2-39-95-27","0"
"orangewolf637","2-39-123-23","8"
"orangewolf637","2-39-123-557","3"
"orangewolf637","2-39-130-564","10"
"orangewolf637","2-39-131-565","10"
"orangewolf637","2-39-124-558","8"
"orangewolf637","2-39-90-26","9"
"orangewolf637","2-39-139-28","2"
"orangewolf637","2-39-88-438","0"
"orangewolf637","2-39-78-364","6"
"orangewolf637","2-39-91-437","9"
"orangewolf637","2-39-128-562","0"
"orangewolf637","2-39-78-363","9"
"orangewolf637","2-39-78-365","0"
"orangewolf637","2-39-127-19","6"
"orangewolf637","2-39-89-25","2"
"orangewolf637","2-39-82-384","4"
"orangewolf637","2-39-79-377","3"
"orangewolf637","2-39-79-382","8"
"orangewolf637","2-39-128-18","10"
"orangewolf637","2-39-91-441","9"
"sadelephant412","2-39-79-382","8"
"sadzebra292","2-39-83-387","5"
"sadzebra292","2-39-123-557","1"
"sadzebra292","2-39-79-383","2"
"sadzebra292","2-39-127-19","1"
"sadzebra292","2-39-130-31","9"
"sadzebra292","2-39-78-367","2"
"sadzebra292","2-39-125-559","5"
"sadzebra292","2-39-78-362","10"
"sadzebra292","2-39-79-378","9"
"sadzebra292","2-39-79-381","3"
"sadzebra292","2-39-130-564","2"
"sadzebra292","2-39-79-380","6"
"whitesnake458","2-39-139-567","10"
"whitesnake458","2-39-78-360","9"
"whitesnake458","2-39-79-380","8"
"whitesnake458","2-39-78-365","5"
"whitesnake458","2-39-78-367","4"
"whitesnake458","2-39-126-560","0"
"whitesnake458","2-39-127-19","0"
"tinyzebra229","2-39-91-437","8"
"tinyzebra229","2-39-79-378","7"
"tinyzebra229","2-39-78-365","9"
"tinyzebra229","2-39-138-29","6"
"tinyzebra229","2-39-125-21","3"
"tinyzebra229","2-39-89-25","9"
"tinyzebra229","2-39-130-564","1"
"tinyzebra229","2-39-124-22","3"
"tinyzebra229","2-39-89-439","4"
"tinyzebra229","2-39-128-562","5"
"tinyzebra229","2-39-92-436","1"
"tinyzebra229","2-39-138-566","0"
"tinyzebra229","2-39-88-24","1"
"whitedog941","2-39-78-362","2"
"whitedog941","2-39-78-360","4"
"whitedog941","2-39-78-361","5"
"whitedog941","2-39-88-438","4"
"whitedog941","2-39-127-19","0"
"whitedog941","2-39-95-444","10"
"whitedog941","2-39-78-364","3"
"whitedog941","2-39-92-436","6"
"whitedog941","2-39-79-383","9"
"whitedog941","2-39-130-31","10"
"whitedog941","2-39-79-378","2"
"whitedog941","2-39-139-28","6"
"whitedog941","2-39-82-384","6"
"whitedog941","2-39-126-20","10"
"whitedog941","2-39-124-22","4"
"whitedog941","2-39-139-567","10"
"whitedog941","2-39-128-18","6"
"whitedog941","2-39-79-380","0"
"whitedog941","2-39-79-377","5"
"whitedog941","2-39-95-27","2"
"whitedog941","2-39-78-367","3"
"whitedog941","2-39-91-441","10"
"whitedog941","2-39-129-563","3"
"whitedog941","2-39-82-385","2"
"whitedog941","2-39-128-562","1"
"whitedog941","2-39-130-564","3"
"whitedog941","2-39-78-363","10"
"whitedog941","2-39-125-21","9"
"whitedog941","2-39-91-437","4"
"whitedog941","2-39-79-379","5"
"whitedog941","2-39-90-26","0"
"greengorilla511","2-39-139-567","5"
"greengorilla511","2-39-78-365","7"
"greengorilla511","2-39-131-565","10"
"greengorilla511","2-39-89-439","3"
"greengorilla511","2-39-78-361","3"
"greengorilla511","2-39-127-19","1"
"greengorilla511","2-39-79-379","6"
"greengorilla511","2-39-128-18","0"
"greengorilla511","2-39-90-440","9"
"greengorilla511","2-39-83-387","9"
"greengorilla511","2-39-79-378","6"
"greengorilla511","2-39-83-386","0"
"greengorilla511","2-39-129-17","2"
"greengorilla511","2-39-95-27","6"
"greengorilla511","2-39-92-442","8"
"greengorilla511","2-39-79-380","3"
"greengorilla511","2-39-78-362","6"
"greengorilla511","2-39-79-376","0"
"greengorilla511","2-39-79-383","2"
"greengorilla511","2-39-130-31","10"
"greengorilla511","2-39-125-559","2"
"greengorilla511","2-39-79-377","4"
"greengorilla511","2-39-124-558","4"
"greengorilla511","2-39-91-437","8"
"greengorilla511","2-39-88-24","6"
"greengorilla511","2-39-123-557","4"
"greengorilla511","2-39-126-560","6"
"purplepanda541","2-39-127-561","8"
"purplepanda541","2-39-78-362","3"
"purplepanda541","2-39-90-26","0"
"purplepanda541","2-39-124-558","7"
"purplepanda541","2-39-90-440","0"
"purplepanda541","2-39-125-559","4"
"purplepanda541","2-39-78-367","9"
"purplepanda541","2-39-123-23","10"
"purplepanda541","2-39-123-557","1"
"purplepanda541","2-39-79-382","7"
"purplepanda541","2-39-78-360","0"
"purplepanda541","2-39-128-18","2"
"purplepanda541","2-39-139-567","6"
"purplepanda541","2-39-89-25","10"
"purplepanda541","2-39-138-566","9"
"purplepanda541","2-39-79-383","7"
"purplepanda541","2-39-83-386","3"
"purplepanda541","2-39-129-17","8"
"purplepanda541","2-39-79-379","0"
"happywolf644","2-39-78-362","4"
"happywolf644","2-39-78-365","5"
"happywolf644","2-39-90-440","5"
"happywolf644","2-39-92-436","5"
"happywolf644","2-39-79-379","3"
"happywolf644","2-39-139-567","1"
"ticklishgorilla508","2-39-131-565","5"
"ticklishgorilla508","2-39-125-559","1"
"ticklishgorilla508","2-39-79-377","8"
"ticklishgorilla508","2-39-131-30","2"
"ticklishgorilla508","2-39-90-26","2"
"ticklishgorilla508","2-39-91-437","9"
"ticklishgorilla508","2-39-88-438","4"
"ticklishgorilla508","2-39-124-558","8"
"ticklishgorilla508","2-39-82-384","2"
"ticklishgorilla508","2-39-127-19","4"
"ticklishgorilla508","2-39-91-441","10"
"ticklishgorilla508","2-39-78-367","1"
"ticklishgorilla508","2-39-92-442","10"
"ticklishgorilla508","2-39-83-387","3"
"ticklishgorilla508","2-39-92-436","5"
"ticklishgorilla508","2-39-125-21","1"
"ticklishgorilla508","2-39-128-562","1"
"ticklishgorilla508","2-39-139-28","0"
"ticklishgorilla508","2-39-78-366","6"
"ticklishgorilla508","2-39-83-386","7"
"ticklishgorilla508","2-39-126-560","9"
"ticklishgorilla508","2-39-129-563","6"
"ticklishgorilla508","2-39-88-24","3"
"ticklishgorilla508","2-39-79-381","2"
"ticklishgorilla508","2-39-79-383","1"
"ticklishgorilla508","2-39-123-23","4"
"ticklishgorilla508","2-39-79-378","1"
"redzebra352","2-39-83-387","10"
"redzebra352","2-39-90-26","2"
"redzebra352","2-39-79-383","10"
"redzebra352","2-39-124-558","9"
"redzebra352","2-39-88-438","7"
"redzebra352","2-39-129-17","2"
"redzebra352","2-39-79-378","6"
"redzebra352","2-39-92-442","6"
"redzebra352","2-39-95-27","2"
"redzebra352","2-39-78-363","1"
"redzebra352","2-39-79-381","0"
"redzebra352","2-39-78-366","0"
"redzebra352","2-39-123-557","0"
"redzebra352","2-39-95-444","2"
"redzebra352","2-39-83-386","8"
"redzebra352","2-39-138-29","5"
"redzebra352","2-39-91-437","3"
"redzebra352","2-39-126-560","1"
"redzebra352","2-39-82-385","2"
"redzebra352","2-39-129-563","0"
"redzebra352","2-39-89-439","1"
"redzebra352","2-39-91-441","5"
"redzebra352","2-39-79-379","0"
"redzebra352","2-39-131-30","6"
"redzebra352","2-39-79-377","9"
"yellowzebra226","2-39-88-438","5"
"yellowzebra226","2-39-88-24","3"
"yellowzebra226","2-39-95-27","0"
"yellowzebra226","2-39-79-381","7"
"yellowzebra226","2-39-90-26","8"
"yellowzebra226","2-39-138-29","2"
"yellowzebra226","2-39-131-565","1"
"yellowzebra226","2-39-90-440","9"
"yellowzebra226","2-39-124-558","2"
"yellowzebra226","2-39-127-19","3"
"yellowzebra226","2-39-78-367","8"
"yellowzebra226","2-39-83-387","4"
"whitebird822","2-39-79-379","9"
"whitebird822","2-39-78-365","0"
"whitebird822","2-39-125-559","6"
"whitebird822","2-39-130-564","0"
"whitebird822","2-39-79-378","1"
"whitebird822","2-39-90-26","7"
"whitebird822","2-39-129-563","6"
"whitebird822","2-39-124-558","0"
"whitebird822","2-39-78-367","3"
"whitebird822","2-39-79-380","5"
"whitebird822","2-39-79-376","3"
"whitebird822","2-39-82-385","10"
"whitebird822","2-39-89-439","1"
"whitebird822","2-39-95-27","9"
"whitebird822","2-39-82-384","3"
"whitebird822","2-39-131-30","5"
"whitebird822","2-39-89-25","10"
"whitebird822","2-39-126-560","2"
"whitebird822","2-39-129-17","5"
"whitebird822","2-39-78-363","6"
"whitebird822","2-39-91-441","2"
"whitebird822","2-39-130-31","6"
"whitebird822","2-39-83-387","0"
"yellowbear503","2-39-90-26","9"
"yellowbear503","2-39-128-18","0"
"yellowbear503","2-39-89-25","9"
"yellowbear503","2-39-124-22","5"
"yellowbear503","2-39-79-378","5"
"yellowbear503","2-39-88-24","5"
"yellowbear503","2-39-82-384","7"
"yellowbear503","2-39-130-564","1"
"yellowbear503","2-39-79-380","5"
"brownmeercat403","2-39-79-381","5"
"brownmeercat403","2-39-125-21","5"
"brownmeercat403","2-39-78-363","7"
"brownmeercat403","2-39-82-385","6"
"brownmeercat403","2-39-127-19","9"
"brownmeercat403","2-39-79-383","10"
"brownmeercat403","2-39-130-564","6"
"brownmeercat403","2-39-123-23","2"
"brownmeercat403","2-39-131-565","10"
"brownmeercat403","2-39-90-26","5"
"brownmeercat403","2-39-127-561","0"
"brownmeercat403","2-39-88-438","10"
"brownmeercat403","2-39-88-24","5"
"brownmeercat403","2-39-130-31","0"
"brownmeercat403","2-39-91-437","8"
"brownmeercat403","2-39-95-27","3"
"brownmeercat403","2-39-126-560","3"
"brownmeercat403","2-39-129-17","9"
"brownmeercat403","2-39-131-30","1"
"brownmeercat403","2-39-79-380","5"
"brownmeercat403","2-39-124-22","1"
"redzebra590","2-39-89-439","7"
"redzebra590","2-39-82-384","6"
"redzebra590","2-39-123-23","4"
"redzebra590","2-39-126-560","7"
"redzebra590","2-39-139-567","8"
"redzebra590","2-39-78-364","3"
"redzebra590","2-39-78-360","9"
